nohup: ignoring input
Dataset summary: Train=45000, Val=5000, Test=10000
Loading existing frozen FP32 teacher from 'teacher_best.pth'...
Teacher successfully loaded.

===========================================================================
RUNNING EXPERIMENT: BASELINE1
Configuration: Temp=4.0, KD Lambda=0.5, LabelSmoothing=0.0, QuantizeFirstLast=False
===========================================================================
Epoch   1/200 | lr 0.0201 | train 1.6690/38.61% | val 1.3067/52.52% | test 1.3099/53.02% | 5.3s
Epoch   2/200 | lr 0.0401 | train 1.2662/54.59% | val 1.0119/64.28% | test 1.0348/63.74% | 5.2s
Epoch   3/200 | lr 0.0601 | train 1.0531/62.86% | val 0.7674/72.74% | test 0.8042/72.49% | 5.2s
Epoch   4/200 | lr 0.0801 | train 0.9335/67.13% | val 0.8142/71.10% | test 0.8125/71.67% | 5.0s
Epoch   5/200 | lr 0.1000 | train 0.8465/70.38% | val 0.8379/71.76% | test 0.8194/72.70% | 5.0s
Epoch   6/200 | lr 0.1000 | train 0.7803/72.66% | val 0.8211/72.16% | test 0.8478/71.78% | 5.0s
Epoch   7/200 | lr 0.1000 | train 0.7262/74.75% | val 0.7129/75.88% | test 0.7213/75.60% | 5.1s
Epoch   8/200 | lr 0.0999 | train 0.6891/75.99% | val 0.7102/76.16% | test 0.7058/76.64% | 5.2s
Epoch   9/200 | lr 0.0999 | train 0.6625/77.19% | val 0.6487/78.10% | test 0.6621/77.77% | 5.2s
Epoch  10/200 | lr 0.0998 | train 0.6465/77.44% | val 0.5422/81.70% | test 0.5765/80.23% | 5.2s
Epoch  11/200 | lr 0.0998 | train 0.6370/77.85% | val 0.6595/77.44% | test 0.6768/77.24% | 5.0s
Epoch  12/200 | lr 0.0997 | train 0.6203/78.60% | val 0.5869/80.32% | test 0.6255/79.37% | 5.0s
Epoch  13/200 | lr 0.0996 | train 0.6134/78.69% | val 0.7477/76.64% | test 0.7560/76.32% | 5.0s
Epoch  14/200 | lr 0.0995 | train 0.6054/79.06% | val 0.5428/81.56% | test 0.5705/81.06% | 5.1s
Epoch  15/200 | lr 0.0994 | train 0.5940/79.46% | val 0.5443/81.08% | test 0.5466/81.10% | 5.0s
Epoch  16/200 | lr 0.0992 | train 0.5950/79.52% | val 0.6443/79.20% | test 0.6503/78.68% | 5.0s
Epoch  17/200 | lr 0.0991 | train 0.5904/79.60% | val 0.5993/80.92% | test 0.6312/79.22% | 5.0s
Epoch  18/200 | lr 0.0989 | train 0.5826/79.94% | val 0.7416/75.36% | test 0.7484/76.20% | 5.0s
Epoch  19/200 | lr 0.0987 | train 0.5786/80.03% | val 0.4873/82.90% | test 0.4906/82.62% | 5.1s
Epoch  20/200 | lr 0.0985 | train 0.5696/80.31% | val 0.4706/84.46% | test 0.4771/83.84% | 5.2s
Epoch  21/200 | lr 0.0983 | train 0.5678/80.59% | val 0.6153/80.38% | test 0.6326/79.33% | 5.0s
Epoch  22/200 | lr 0.0981 | train 0.5603/80.61% | val 0.5231/81.88% | test 0.5432/82.24% | 5.0s
Epoch  23/200 | lr 0.0979 | train 0.5557/80.78% | val 0.6822/77.34% | test 0.7042/77.04% | 5.0s
Epoch  24/200 | lr 0.0977 | train 0.5543/80.95% | val 0.5399/81.56% | test 0.5523/81.25% | 5.0s
Epoch  25/200 | lr 0.0974 | train 0.5562/80.84% | val 0.4931/83.96% | test 0.4774/84.07% | 5.0s
Epoch  26/200 | lr 0.0972 | train 0.5403/81.27% | val 0.5420/81.46% | test 0.5604/80.74% | 5.0s
Epoch  27/200 | lr 0.0969 | train 0.5413/81.23% | val 0.7515/76.22% | test 0.7837/75.28% | 5.0s
Epoch  28/200 | lr 0.0966 | train 0.5427/81.32% | val 0.4638/83.74% | test 0.4904/83.48% | 5.0s
Epoch  29/200 | lr 0.0963 | train 0.5344/81.59% | val 0.4704/83.46% | test 0.5051/82.96% | 5.1s
Epoch  30/200 | lr 0.0960 | train 0.5373/81.42% | val 0.5512/81.88% | test 0.5525/81.44% | 5.0s
Epoch  31/200 | lr 0.0957 | train 0.5323/81.61% | val 0.5147/82.66% | test 0.5188/82.69% | 5.0s
Epoch  32/200 | lr 0.0953 | train 0.5270/81.89% | val 0.4377/85.00% | test 0.4526/84.94% | 5.1s
Epoch  33/200 | lr 0.0950 | train 0.5290/81.66% | val 0.5045/82.74% | test 0.5202/82.57% | 5.0s
Epoch  34/200 | lr 0.0946 | train 0.5324/81.48% | val 0.5293/82.34% | test 0.5344/82.15% | 5.0s
Epoch  35/200 | lr 0.0943 | train 0.5197/82.21% | val 0.4360/85.48% | test 0.4597/85.03% | 5.2s
Epoch  36/200 | lr 0.0939 | train 0.5184/82.11% | val 0.4311/84.60% | test 0.4450/84.55% | 5.0s
Epoch  37/200 | lr 0.0935 | train 0.5202/82.05% | val 0.4315/85.28% | test 0.4502/85.35% | 5.0s
Epoch  38/200 | lr 0.0931 | train 0.5147/82.34% | val 0.6635/77.58% | test 0.6536/78.14% | 5.0s
Epoch  39/200 | lr 0.0927 | train 0.5184/82.22% | val 0.5157/83.02% | test 0.5245/82.82% | 5.0s
Epoch  40/200 | lr 0.0923 | train 0.5167/82.20% | val 0.5282/82.60% | test 0.5351/82.35% | 5.0s
Epoch  41/200 | lr 0.0918 | train 0.5127/82.42% | val 0.4944/83.48% | test 0.5056/83.02% | 5.0s
Epoch  42/200 | lr 0.0914 | train 0.5114/82.37% | val 0.4469/85.06% | test 0.4643/85.17% | 5.0s
Epoch  43/200 | lr 0.0909 | train 0.5096/82.47% | val 0.5848/80.82% | test 0.6183/79.98% | 5.0s
Epoch  44/200 | lr 0.0905 | train 0.5068/82.41% | val 0.4358/85.66% | test 0.4608/84.59% | 5.1s
Epoch  45/200 | lr 0.0900 | train 0.5037/82.65% | val 0.4273/85.06% | test 0.4431/84.79% | 5.0s
Epoch  46/200 | lr 0.0895 | train 0.5043/82.70% | val 0.4678/84.08% | test 0.5037/83.15% | 5.0s
Epoch  47/200 | lr 0.0890 | train 0.4987/82.77% | val 0.4459/84.82% | test 0.4654/84.64% | 5.0s
Epoch  48/200 | lr 0.0885 | train 0.5017/82.72% | val 0.3729/87.58% | test 0.3891/86.89% | 5.1s
Epoch  49/200 | lr 0.0880 | train 0.4939/83.09% | val 0.6786/78.80% | test 0.6966/79.56% | 5.0s
Epoch  50/200 | lr 0.0874 | train 0.4961/82.96% | val 0.4349/85.86% | test 0.4524/85.09% | 5.0s
Epoch  51/200 | lr 0.0869 | train 0.4926/82.98% | val 0.5288/82.58% | test 0.5522/82.22% | 5.0s
Epoch  52/200 | lr 0.0863 | train 0.4928/82.97% | val 0.7252/78.22% | test 0.7239/78.42% | 5.0s
Epoch  53/200 | lr 0.0858 | train 0.4826/83.25% | val 0.5659/80.96% | test 0.5797/80.20% | 5.0s
Epoch  54/200 | lr 0.0852 | train 0.4869/83.20% | val 0.5742/80.86% | test 0.5822/80.82% | 5.0s
Epoch  55/200 | lr 0.0846 | train 0.4840/83.19% | val 0.3674/87.78% | test 0.3792/87.00% | 5.1s
Epoch  56/200 | lr 0.0841 | train 0.4867/83.26% | val 0.4643/84.26% | test 0.5035/83.39% | 5.0s
Epoch  57/200 | lr 0.0835 | train 0.4778/83.56% | val 0.4155/85.70% | test 0.4339/85.38% | 5.1s
Epoch  58/200 | lr 0.0829 | train 0.4794/83.31% | val 0.4978/83.10% | test 0.4988/83.81% | 5.0s
Epoch  59/200 | lr 0.0822 | train 0.4736/83.78% | val 0.3635/87.70% | test 0.3865/87.09% | 5.0s
Epoch  60/200 | lr 0.0816 | train 0.4766/83.60% | val 0.4384/85.28% | test 0.4373/85.40% | 5.1s
Epoch  61/200 | lr 0.0810 | train 0.4674/83.87% | val 0.5813/80.82% | test 0.5804/81.09% | 5.0s
Epoch  62/200 | lr 0.0804 | train 0.4696/83.87% | val 0.5769/80.88% | test 0.6083/79.58% | 5.0s
Epoch  63/200 | lr 0.0797 | train 0.4713/83.71% | val 0.4080/86.32% | test 0.4289/85.55% | 5.0s
Epoch  64/200 | lr 0.0791 | train 0.4676/83.84% | val 0.3762/87.18% | test 0.3999/86.62% | 5.2s
Epoch  65/200 | lr 0.0784 | train 0.4646/84.09% | val 0.4815/83.58% | test 0.4849/83.74% | 5.0s
Epoch  66/200 | lr 0.0777 | train 0.4591/84.09% | val 0.4013/86.44% | test 0.4229/85.90% | 5.0s
Epoch  67/200 | lr 0.0771 | train 0.4607/84.19% | val 0.6585/80.04% | test 0.6822/79.34% | 5.0s
Epoch  68/200 | lr 0.0764 | train 0.4621/84.28% | val 0.4345/85.36% | test 0.4662/84.55% | 5.0s
Epoch  69/200 | lr 0.0757 | train 0.4522/84.36% | val 0.4227/85.56% | test 0.4282/85.63% | 5.0s
Epoch  70/200 | lr 0.0750 | train 0.4500/84.49% | val 0.4426/85.02% | test 0.4476/85.26% | 5.0s
Epoch  71/200 | lr 0.0743 | train 0.4515/84.66% | val 0.4588/84.90% | test 0.4727/84.13% | 5.0s
Epoch  72/200 | lr 0.0736 | train 0.4528/84.39% | val 0.5216/82.70% | test 0.5246/82.51% | 5.0s
Epoch  73/200 | lr 0.0729 | train 0.4506/84.48% | val 0.3582/87.64% | test 0.3705/87.30% | 5.0s
Epoch  74/200 | lr 0.0722 | train 0.4400/84.91% | val 0.3880/87.04% | test 0.3891/87.10% | 5.0s
Epoch  75/200 | lr 0.0714 | train 0.4396/84.87% | val 0.3924/86.86% | test 0.4202/85.66% | 5.0s
Epoch  76/200 | lr 0.0707 | train 0.4399/84.93% | val 0.5191/83.32% | test 0.5311/83.39% | 5.0s
Epoch  77/200 | lr 0.0700 | train 0.4340/84.97% | val 0.3718/87.42% | test 0.3895/86.92% | 5.0s
Epoch  78/200 | lr 0.0692 | train 0.4368/85.07% | val 0.4365/85.72% | test 0.4559/85.13% | 5.0s
Epoch  79/200 | lr 0.0685 | train 0.4307/85.23% | val 0.4123/85.88% | test 0.4201/85.99% | 5.0s
Epoch  80/200 | lr 0.0677 | train 0.4381/84.69% | val 0.4042/86.54% | test 0.4292/85.89% | 5.0s
Epoch  81/200 | lr 0.0670 | train 0.4311/85.17% | val 0.4068/86.94% | test 0.4036/86.53% | 5.0s
Epoch  82/200 | lr 0.0662 | train 0.4256/85.25% | val 0.3944/86.30% | test 0.4289/86.02% | 5.0s
Epoch  83/200 | lr 0.0655 | train 0.4241/85.42% | val 0.3302/88.76% | test 0.3403/88.38% | 5.1s
Epoch  84/200 | lr 0.0647 | train 0.4223/85.54% | val 0.3959/86.62% | test 0.4096/85.97% | 5.0s
Epoch  85/200 | lr 0.0639 | train 0.4192/85.54% | val 0.3218/89.30% | test 0.3410/88.53% | 5.1s
Epoch  86/200 | lr 0.0631 | train 0.4176/85.75% | val 0.3768/86.76% | test 0.3938/87.04% | 5.1s
Epoch  87/200 | lr 0.0624 | train 0.4100/86.03% | val 0.3600/87.64% | test 0.3665/87.42% | 5.0s
Epoch  88/200 | lr 0.0616 | train 0.4154/85.61% | val 0.3061/90.18% | test 0.3254/88.83% | 5.2s
Epoch  89/200 | lr 0.0608 | train 0.4121/85.83% | val 0.4097/85.40% | test 0.4235/85.69% | 5.1s
Epoch  90/200 | lr 0.0600 | train 0.4059/85.96% | val 0.3546/87.88% | test 0.3822/87.09% | 5.0s
Epoch  91/200 | lr 0.0592 | train 0.3981/86.52% | val 0.3077/89.78% | test 0.3234/89.26% | 5.0s
Epoch  92/200 | lr 0.0584 | train 0.4028/86.19% | val 0.3363/88.32% | test 0.3437/88.26% | 5.0s
Epoch  93/200 | lr 0.0576 | train 0.3951/86.47% | val 0.3746/86.84% | test 0.3968/86.55% | 5.0s
Epoch  94/200 | lr 0.0568 | train 0.3961/86.28% | val 0.5398/82.64% | test 0.5571/82.30% | 5.0s
Epoch  95/200 | lr 0.0560 | train 0.3954/86.34% | val 0.3269/88.78% | test 0.3551/87.96% | 5.0s
Epoch  96/200 | lr 0.0552 | train 0.3855/86.78% | val 0.3869/86.68% | test 0.3971/86.77% | 5.0s
Epoch  97/200 | lr 0.0544 | train 0.3828/86.91% | val 0.3161/89.54% | test 0.3318/89.05% | 5.0s
Epoch  98/200 | lr 0.0536 | train 0.3842/86.84% | val 0.3704/88.04% | test 0.3941/87.04% | 5.1s
Epoch  99/200 | lr 0.0528 | train 0.3835/86.70% | val 0.4429/85.12% | test 0.4958/83.56% | 5.0s
Epoch 100/200 | lr 0.0520 | train 0.3757/87.02% | val 0.3271/88.40% | test 0.3429/87.95% | 5.0s
Epoch 101/200 | lr 0.0512 | train 0.3791/86.78% | val 0.3333/88.74% | test 0.3453/88.11% | 5.0s
Epoch 102/200 | lr 0.0504 | train 0.3772/86.87% | val 0.3168/89.26% | test 0.3371/89.24% | 5.0s
Epoch 103/200 | lr 0.0496 | train 0.3711/87.18% | val 0.3379/88.30% | test 0.3455/88.37% | 5.1s
Epoch 104/200 | lr 0.0488 | train 0.3651/87.49% | val 0.3111/89.54% | test 0.3270/89.37% | 5.0s
Epoch 105/200 | lr 0.0480 | train 0.3715/87.27% | val 0.3217/89.16% | test 0.3482/88.23% | 5.0s
Epoch 106/200 | lr 0.0472 | train 0.3612/87.50% | val 0.2800/90.12% | test 0.3062/89.64% | 5.0s
Epoch 107/200 | lr 0.0464 | train 0.3637/87.53% | val 0.2870/90.36% | test 0.3101/89.90% | 5.2s
Epoch 108/200 | lr 0.0456 | train 0.3587/87.58% | val 0.3036/89.78% | test 0.3387/89.09% | 5.0s
Epoch 109/200 | lr 0.0448 | train 0.3522/87.78% | val 0.3077/89.62% | test 0.3218/89.19% | 5.0s
Epoch 110/200 | lr 0.0440 | train 0.3516/87.83% | val 0.3216/89.16% | test 0.3203/89.13% | 5.0s
Epoch 111/200 | lr 0.0432 | train 0.3473/87.95% | val 0.3006/90.06% | test 0.3065/89.70% | 5.0s
Epoch 112/200 | lr 0.0424 | train 0.3423/88.03% | val 0.2681/90.84% | test 0.2840/90.65% | 5.1s
Epoch 113/200 | lr 0.0416 | train 0.3418/88.23% | val 0.3560/88.08% | test 0.3791/87.63% | 5.0s
Epoch 114/200 | lr 0.0408 | train 0.3352/88.55% | val 0.2860/90.36% | test 0.2976/89.80% | 5.0s
Epoch 115/200 | lr 0.0400 | train 0.3385/88.24% | val 0.2943/90.10% | test 0.3127/89.36% | 5.0s
Epoch 116/200 | lr 0.0392 | train 0.3292/88.74% | val 0.2609/91.56% | test 0.2727/90.72% | 5.1s
Epoch 117/200 | lr 0.0384 | train 0.3305/88.48% | val 0.2793/90.30% | test 0.2933/90.18% | 5.0s
Epoch 118/200 | lr 0.0376 | train 0.3190/88.96% | val 0.2866/90.22% | test 0.3040/89.73% | 5.1s
Epoch 119/200 | lr 0.0369 | train 0.3195/88.83% | val 0.2909/90.48% | test 0.3072/90.16% | 5.0s
Epoch 120/200 | lr 0.0361 | train 0.3203/88.95% | val 0.3082/89.80% | test 0.3190/89.64% | 5.0s
Epoch 121/200 | lr 0.0353 | train 0.3128/89.14% | val 0.3308/89.20% | test 0.3360/88.71% | 5.0s
Epoch 122/200 | lr 0.0345 | train 0.3131/89.18% | val 0.2731/90.80% | test 0.2955/90.23% | 5.0s
Epoch 123/200 | lr 0.0338 | train 0.3096/89.27% | val 0.2867/90.18% | test 0.2951/90.51% | 5.0s
Epoch 124/200 | lr 0.0330 | train 0.3078/89.39% | val 0.3518/88.46% | test 0.3711/87.97% | 5.0s
Epoch 125/200 | lr 0.0323 | train 0.3068/89.34% | val 0.2566/91.32% | test 0.2720/90.91% | 5.0s
Epoch 126/200 | lr 0.0315 | train 0.2942/89.81% | val 0.2878/90.26% | test 0.3033/89.90% | 5.0s
Epoch 127/200 | lr 0.0308 | train 0.2921/90.00% | val 0.2531/91.24% | test 0.2797/90.69% | 5.0s
Epoch 128/200 | lr 0.0300 | train 0.2969/89.57% | val 0.2461/91.82% | test 0.2807/91.11% | 5.1s
Epoch 129/200 | lr 0.0293 | train 0.2844/90.27% | val 0.2413/91.50% | test 0.2563/91.32% | 5.0s
Epoch 130/200 | lr 0.0286 | train 0.2833/90.28% | val 0.2717/90.94% | test 0.2883/90.58% | 5.0s
Epoch 131/200 | lr 0.0278 | train 0.2740/90.64% | val 0.2767/90.54% | test 0.2945/90.35% | 5.0s
Epoch 132/200 | lr 0.0271 | train 0.2795/90.29% | val 0.2263/92.08% | test 0.2504/91.61% | 5.2s
Epoch 133/200 | lr 0.0264 | train 0.2726/90.56% | val 0.2754/90.94% | test 0.3010/90.23% | 5.1s
Epoch 134/200 | lr 0.0257 | train 0.2671/90.69% | val 0.3196/89.84% | test 0.3442/89.47% | 5.0s
Epoch 135/200 | lr 0.0250 | train 0.2653/90.85% | val 0.2411/91.68% | test 0.2702/91.34% | 5.0s
Epoch 136/200 | lr 0.0243 | train 0.2599/91.16% | val 0.2431/91.48% | test 0.2640/91.30% | 5.0s
Epoch 137/200 | lr 0.0236 | train 0.2570/91.11% | val 0.2598/91.44% | test 0.2866/90.73% | 5.0s
Epoch 138/200 | lr 0.0229 | train 0.2476/91.42% | val 0.2278/92.54% | test 0.2536/91.67% | 5.1s
Epoch 139/200 | lr 0.0223 | train 0.2443/91.54% | val 0.2606/91.12% | test 0.2864/90.39% | 5.0s
Epoch 140/200 | lr 0.0216 | train 0.2484/91.23% | val 0.2402/92.04% | test 0.2598/91.47% | 5.0s
Epoch 141/200 | lr 0.0209 | train 0.2424/91.56% | val 0.2566/91.50% | test 0.2667/91.32% | 5.0s
Epoch 142/200 | lr 0.0203 | train 0.2373/91.78% | val 0.2284/92.38% | test 0.2460/92.07% | 5.0s
Epoch 143/200 | lr 0.0196 | train 0.2286/92.14% | val 0.2252/92.52% | test 0.2521/91.89% | 5.0s
Epoch 144/200 | lr 0.0190 | train 0.2252/92.26% | val 0.2250/92.78% | test 0.2359/92.29% | 5.1s
Epoch 145/200 | lr 0.0184 | train 0.2249/92.22% | val 0.2142/93.32% | test 0.2374/92.11% | 5.2s
Epoch 146/200 | lr 0.0178 | train 0.2144/92.61% | val 0.1976/93.20% | test 0.2326/92.51% | 5.0s
Epoch 147/200 | lr 0.0171 | train 0.2105/92.78% | val 0.2373/92.18% | test 0.2569/91.47% | 5.0s
Epoch 148/200 | lr 0.0165 | train 0.2112/92.68% | val 0.2181/92.64% | test 0.2309/92.45% | 5.0s
Epoch 149/200 | lr 0.0159 | train 0.2041/92.97% | val 0.1975/93.34% | test 0.2198/92.80% | 5.2s
Epoch 150/200 | lr 0.0154 | train 0.1987/92.98% | val 0.2344/92.00% | test 0.2603/91.63% | 5.1s
Epoch 151/200 | lr 0.0148 | train 0.1995/93.15% | val 0.1921/93.52% | test 0.2177/92.88% | 5.3s
Epoch 152/200 | lr 0.0142 | train 0.1866/93.48% | val 0.1770/94.44% | test 0.1996/93.58% | 5.2s
Epoch 153/200 | lr 0.0137 | train 0.1855/93.55% | val 0.1823/94.20% | test 0.2236/92.87% | 5.0s
Epoch 154/200 | lr 0.0131 | train 0.1787/93.82% | val 0.2030/93.24% | test 0.2351/92.20% | 5.0s
Epoch 155/200 | lr 0.0126 | train 0.1808/93.73% | val 0.1800/94.18% | test 0.2011/93.77% | 5.0s
Epoch 156/200 | lr 0.0120 | train 0.1724/93.92% | val 0.1862/93.90% | test 0.1995/93.59% | 5.1s
Epoch 157/200 | lr 0.0115 | train 0.1644/94.34% | val 0.1999/93.40% | test 0.2243/93.15% | 5.0s
Epoch 158/200 | lr 0.0110 | train 0.1603/94.45% | val 0.1993/93.60% | test 0.2148/93.49% | 5.0s
Epoch 159/200 | lr 0.0105 | train 0.1562/94.60% | val 0.1921/93.84% | test 0.2060/93.34% | 5.0s
Epoch 160/200 | lr 0.0100 | train 0.1490/94.78% | val 0.1967/94.14% | test 0.2102/93.52% | 5.0s
Epoch 161/200 | lr 0.0095 | train 0.1458/95.04% | val 0.1986/93.52% | test 0.2110/93.40% | 5.0s
Epoch 162/200 | lr 0.0091 | train 0.1396/95.20% | val 0.2048/94.10% | test 0.2158/93.32% | 5.0s
Epoch 163/200 | lr 0.0086 | train 0.1390/95.17% | val 0.1664/94.78% | test 0.1863/94.31% | 5.2s
Epoch 164/200 | lr 0.0082 | train 0.1383/95.21% | val 0.1745/94.58% | test 0.1906/94.15% | 5.0s
Epoch 165/200 | lr 0.0077 | train 0.1254/95.66% | val 0.1712/94.40% | test 0.1931/94.12% | 5.1s
Epoch 166/200 | lr 0.0073 | train 0.1248/95.73% | val 0.1730/94.34% | test 0.1801/94.60% | 5.0s
Epoch 167/200 | lr 0.0069 | train 0.1228/95.87% | val 0.1709/94.74% | test 0.1803/94.51% | 5.1s
Epoch 168/200 | lr 0.0065 | train 0.1182/95.92% | val 0.1758/94.70% | test 0.1880/94.27% | 5.0s
Epoch 169/200 | lr 0.0061 | train 0.1135/96.08% | val 0.1739/94.60% | test 0.1856/94.34% | 5.0s
Epoch 170/200 | lr 0.0057 | train 0.1005/96.68% | val 0.1634/94.92% | test 0.1773/94.48% | 5.2s
Epoch 171/200 | lr 0.0054 | train 0.1018/96.55% | val 0.1678/94.92% | test 0.1783/94.68% | 5.0s
Epoch 172/200 | lr 0.0050 | train 0.0962/96.76% | val 0.1696/94.80% | test 0.1844/94.34% | 5.0s
Epoch 173/200 | lr 0.0047 | train 0.0925/96.81% | val 0.1691/94.80% | test 0.1742/94.79% | 5.0s
Epoch 174/200 | lr 0.0043 | train 0.0912/96.84% | val 0.1677/94.90% | test 0.1794/94.80% | 5.1s
Epoch 175/200 | lr 0.0040 | train 0.0870/97.02% | val 0.1540/95.18% | test 0.1725/94.95% | 5.2s
Epoch 176/200 | lr 0.0037 | train 0.0811/97.26% | val 0.1575/95.20% | test 0.1703/94.85% | 5.1s
Epoch 177/200 | lr 0.0034 | train 0.0758/97.44% | val 0.1630/94.88% | test 0.1713/94.96% | 5.1s
Epoch 178/200 | lr 0.0031 | train 0.0762/97.42% | val 0.1594/95.16% | test 0.1722/94.89% | 5.0s
Epoch 179/200 | lr 0.0028 | train 0.0739/97.47% | val 0.1561/95.38% | test 0.1739/94.95% | 5.1s
Epoch 180/200 | lr 0.0026 | train 0.0701/97.61% | val 0.1587/95.26% | test 0.1755/95.03% | 5.0s
Epoch 181/200 | lr 0.0023 | train 0.0700/97.63% | val 0.1552/95.14% | test 0.1653/95.21% | 5.0s
Epoch 182/200 | lr 0.0021 | train 0.0596/98.05% | val 0.1535/95.54% | test 0.1680/95.25% | 5.2s
Epoch 183/200 | lr 0.0019 | train 0.0635/97.91% | val 0.1597/95.44% | test 0.1623/95.46% | 5.0s
Epoch 184/200 | lr 0.0017 | train 0.0563/98.15% | val 0.1557/95.46% | test 0.1666/95.29% | 5.0s
Epoch 185/200 | lr 0.0015 | train 0.0547/98.14% | val 0.1544/95.40% | test 0.1592/95.76% | 5.0s
Epoch 186/200 | lr 0.0013 | train 0.0527/98.27% | val 0.1480/95.88% | test 0.1589/95.43% | 5.2s
Epoch 187/200 | lr 0.0011 | train 0.0513/98.37% | val 0.1497/95.82% | test 0.1630/95.56% | 5.1s
Epoch 188/200 | lr 0.0009 | train 0.0520/98.30% | val 0.1514/95.60% | test 0.1617/95.55% | 5.0s
Epoch 189/200 | lr 0.0008 | train 0.0489/98.38% | val 0.1512/95.74% | test 0.1587/95.71% | 5.0s
Epoch 190/200 | lr 0.0006 | train 0.0488/98.40% | val 0.1487/95.58% | test 0.1577/95.71% | 5.0s
Epoch 191/200 | lr 0.0005 | train 0.0449/98.59% | val 0.1472/95.76% | test 0.1585/95.72% | 5.0s
Epoch 192/200 | lr 0.0004 | train 0.0453/98.57% | val 0.1497/95.72% | test 0.1565/95.76% | 5.0s
Epoch 193/200 | lr 0.0003 | train 0.0451/98.57% | val 0.1451/95.94% | test 0.1565/95.65% | 5.1s
Epoch 194/200 | lr 0.0002 | train 0.0428/98.64% | val 0.1459/95.76% | test 0.1584/95.66% | 5.0s
Epoch 195/200 | lr 0.0002 | train 0.0428/98.60% | val 0.1461/95.76% | test 0.1585/95.78% | 5.0s
Epoch 196/200 | lr 0.0001 | train 0.0401/98.71% | val 0.1459/95.70% | test 0.1574/95.69% | 5.1s
Epoch 197/200 | lr 0.0001 | train 0.0422/98.66% | val 0.1483/95.66% | test 0.1584/95.68% | 5.0s
Epoch 198/200 | lr 0.0000 | train 0.0412/98.65% | val 0.1467/95.76% | test 0.1580/95.69% | 5.0s
Epoch 199/200 | lr 0.0000 | train 0.0415/98.67% | val 0.1469/95.70% | test 0.1579/95.80% | 5.0s
Epoch 200/200 | lr 0.0000 | train 0.0413/98.66% | val 0.1451/95.86% | test 0.1573/95.67% | 5.0s

BASELINE1 Training Complete in 0.28 hours. Best Val Acc: 95.94% (Saved: baseline1_best.pth)
Saved training curves to 'baseline1_curves.png'.
Saved weight histograms to 'baseline1_histograms.png'.

Final Best Checkpoint Test Accuracy: 95.65% (Loss: 0.1565)

Per-layer weight shape, unique quantized weights, and ternary sparsity:
  layer1.0.conv1                 | shape: (64, 64, 3, 3)     | unique:  7 | zero= 74.9% +alpha= 11.1% -alpha= 14.0%
  layer1.0.conv2                 | shape: (64, 64, 3, 3)     | unique:  3 | zero= 53.1% +alpha= 21.1% -alpha= 25.8%
  layer1.1.conv1                 | shape: (64, 64, 3, 3)     | unique:  8 | zero= 52.6% +alpha= 19.8% -alpha= 27.7%
  layer1.1.conv2                 | shape: (64, 64, 3, 3)     | unique:  7 | zero= 53.4% +alpha= 19.3% -alpha= 27.3%
  layer2.0.conv1                 | shape: (128, 64, 3, 3)    | unique:  8 | zero= 48.9% +alpha= 22.5% -alpha= 28.6%
  layer2.0.conv2                 | shape: (128, 128, 3, 3)   | unique:  7 | zero= 48.0% +alpha= 22.2% -alpha= 29.8%
  layer2.0.shortcut.0            | shape: (128, 64, 1, 1)    | unique:  8 | zero= 53.4% +alpha= 20.1% -alpha= 26.5%
  layer2.1.conv1                 | shape: (128, 128, 3, 3)   | unique:  7 | zero= 50.9% +alpha= 21.4% -alpha= 27.7%
  layer2.1.conv2                 | shape: (128, 128, 3, 3)   | unique:  7 | zero= 52.3% +alpha= 19.5% -alpha= 28.2%
  layer3.0.conv1                 | shape: (256, 128, 3, 3)   | unique:  5 | zero= 47.4% +alpha= 22.2% -alpha= 30.3%
  layer3.0.conv2                 | shape: (256, 256, 3, 3)   | unique:  3 | zero= 47.3% +alpha= 23.6% -alpha= 29.1%
  layer3.0.shortcut.0            | shape: (256, 128, 1, 1)   | unique:  6 | zero= 49.3% +alpha= 20.3% -alpha= 30.3%
  layer3.1.conv1                 | shape: (256, 256, 3, 3)   | unique: 10 | zero= 48.4% +alpha= 21.8% -alpha= 29.8%
  layer3.1.conv2                 | shape: (256, 256, 3, 3)   | unique:  7 | zero= 52.3% +alpha= 18.6% -alpha= 29.0%
  layer4.0.conv1                 | shape: (512, 256, 3, 3)   | unique:  7 | zero= 47.7% +alpha= 23.3% -alpha= 29.0%
  layer4.0.conv2                 | shape: (512, 512, 3, 3)   | unique:  7 | zero= 51.0% +alpha= 22.1% -alpha= 26.9%
  layer4.0.shortcut.0            | shape: (512, 256, 1, 1)   | unique:  8 | zero= 49.7% +alpha= 22.5% -alpha= 27.8%
  layer4.1.conv1                 | shape: (512, 512, 3, 3)   | unique:  9 | zero= 51.7% +alpha= 19.0% -alpha= 29.2%
  layer4.1.conv2                 | shape: (512, 512, 3, 3)   | unique:  7 | zero= 54.6% +alpha= 20.6% -alpha= 24.8%

Running Quantization Behavioral Verification Check...
Mean |logit difference| between quantized and raw-latent forward: 584.6972
Prediction agreement between the two passes: 10.16%
Quantization is genuinely constraining the model computation.

===========================================================================
MODEL SIZE & BIT-LEVEL COMPRESSION MATHEMATICS (baseline1)
===========================================================================
1. Parameter Count Breakdown:
   - Total Parameters:                       11,173,962
   - Ternary (2-bit packed) Parameters:      11,157,504 ( 99.85%)
   - FP32 Unquantized Parameters:                16,458 (  0.15%)
   - Layerwise Alpha Scaling Factors:                19 (FP32 scalars)

2. Exact Bitstream Storage Calculation:
   - Ternary Weight Bits : 11,157,504 params x  2 bits =   22,315,008 bits
   - FP32 Parameter Bits :     16,458 params x 32 bits =      526,656 bits
   - Alpha Scaling Bits  :         19 layers x 32 bits =          608 bits
   -------------------------------------------------------------------
   - Total Compressed Bits:                          =   22,842,272 bits
   - Compressed Size: 22,842,272 / (8 x 1024^2)    =         2.72 MB

3. Baseline Comparison & Compression Summary:
   - Full FP32 Baseline Memory Footprint:                   42.63 MB
   - Theoretical 2-Bit Footprint (Deployment):               2.72 MB
   - Mathematical Compression Ratio:                        15.65x
   - Training Checkpoint on Disk (FP32 state_dict):         42.70 MB
===========================================================================


===========================================================================
RUNNING EXPERIMENT: BASELINE2
Configuration: Temp=4.0, KD Lambda=0.5, LabelSmoothing=0.0, QuantizeFirstLast=False
===========================================================================

--- Baseline 2 Stage 1: FP32 KD Pretraining (100 epochs) ---
[Baseline2 - Stage 1   1/100] lr 0.0201 | train 17.2425/41.51% | val 16.3839/54.44% | test 16.4468/53.68% | 7.3s
[Baseline2 - Stage 1   2/100] lr 0.0401 | train 15.9083/58.17% | val 15.1593/63.94% | test 15.1937/63.12% | 7.4s
[Baseline2 - Stage 1   3/100] lr 0.0601 | train 15.2437/65.57% | val 14.8360/66.62% | test 14.8676/66.18% | 7.4s
[Baseline2 - Stage 1   4/100] lr 0.0801 | train 14.7700/70.95% | val 16.1675/57.54% | test 16.2148/56.77% | 7.3s
[Baseline2 - Stage 1   5/100] lr 0.1000 | train 14.5469/73.50% | val 15.0292/65.42% | test 15.0768/64.41% | 7.3s
[Baseline2 - Stage 1   6/100] lr 0.1000 | train 14.3783/75.33% | val 13.5016/79.82% | test 13.4783/80.08% | 7.4s
[Baseline2 - Stage 1   7/100] lr 0.0999 | train 14.1933/76.86% | val 13.6847/77.76% | test 13.6487/78.26% | 7.3s
[Baseline2 - Stage 1   8/100] lr 0.0998 | train 14.0902/78.06% | val 13.7065/78.52% | test 13.6656/78.69% | 7.3s
[Baseline2 - Stage 1   9/100] lr 0.0996 | train 14.0258/78.82% | val 13.5326/79.58% | test 13.5818/79.37% | 7.3s
[Baseline2 - Stage 1  10/100] lr 0.0993 | train 13.9400/79.60% | val 13.2645/82.12% | test 13.3168/80.93% | 7.4s
[Baseline2 - Stage 1  11/100] lr 0.0990 | train 13.8840/80.40% | val 13.2301/82.52% | test 13.2295/82.45% | 7.4s
[Baseline2 - Stage 1  12/100] lr 0.0987 | train 13.8747/80.49% | val 13.1545/83.02% | test 13.1961/82.81% | 7.5s
[Baseline2 - Stage 1  13/100] lr 0.0983 | train 13.8158/81.12% | val 13.0024/84.38% | test 13.0011/84.58% | 7.4s
[Baseline2 - Stage 1  14/100] lr 0.0978 | train 13.7558/81.72% | val 13.1665/82.56% | test 13.1541/82.89% | 7.3s
[Baseline2 - Stage 1  15/100] lr 0.0973 | train 13.7548/81.53% | val 13.2419/82.22% | test 13.2961/82.08% | 7.3s
[Baseline2 - Stage 1  16/100] lr 0.0967 | train 13.7125/82.13% | val 13.6155/79.22% | test 13.6853/78.59% | 7.3s
[Baseline2 - Stage 1  17/100] lr 0.0961 | train 13.6821/82.28% | val 12.9367/85.18% | test 12.9245/85.67% | 7.4s
[Baseline2 - Stage 1  18/100] lr 0.0955 | train 13.6692/82.64% | val 13.1346/83.12% | test 13.1084/83.60% | 7.4s
[Baseline2 - Stage 1  19/100] lr 0.0947 | train 13.6529/82.92% | val 13.4029/80.24% | test 13.4430/80.38% | 7.3s
[Baseline2 - Stage 1  20/100] lr 0.0940 | train 13.6221/83.17% | val 13.2664/82.24% | test 13.3121/81.60% | 7.2s
[Baseline2 - Stage 1  21/100] lr 0.0932 | train 13.5724/83.66% | val 12.9628/84.14% | test 12.9557/85.11% | 7.3s
[Baseline2 - Stage 1  22/100] lr 0.0923 | train 13.5614/83.86% | val 13.0449/84.02% | test 13.1266/83.37% | 7.3s
[Baseline2 - Stage 1  23/100] lr 0.0914 | train 13.5529/83.98% | val 13.2989/82.32% | test 13.2669/82.25% | 7.3s
[Baseline2 - Stage 1  24/100] lr 0.0905 | train 13.5262/84.35% | val 13.2104/82.92% | test 13.2577/81.95% | 7.3s
[Baseline2 - Stage 1  25/100] lr 0.0895 | train 13.5243/84.09% | val 13.6789/78.62% | test 13.7271/78.35% | 7.3s
[Baseline2 - Stage 1  26/100] lr 0.0884 | train 13.4769/84.61% | val 13.1952/83.50% | test 13.2114/83.03% | 7.3s
[Baseline2 - Stage 1  27/100] lr 0.0873 | train 13.4915/84.55% | val 12.8494/85.84% | test 12.8686/85.99% | 7.4s
[Baseline2 - Stage 1  28/100] lr 0.0862 | train 13.4678/84.71% | val 13.2497/82.86% | test 13.3227/81.99% | 7.3s
[Baseline2 - Stage 1  29/100] lr 0.0851 | train 13.4530/84.99% | val 13.1206/83.40% | test 13.1448/83.21% | 7.2s
[Baseline2 - Stage 1  30/100] lr 0.0839 | train 13.4252/85.15% | val 12.6255/88.36% | test 12.6947/87.56% | 7.4s
[Baseline2 - Stage 1  31/100] lr 0.0826 | train 13.4142/85.25% | val 13.0010/85.00% | test 13.0452/84.35% | 7.3s
[Baseline2 - Stage 1  32/100] lr 0.0814 | train 13.3976/85.52% | val 12.9875/84.90% | test 13.0241/84.47% | 7.3s
[Baseline2 - Stage 1  33/100] lr 0.0801 | train 13.3815/85.49% | val 12.6974/87.36% | test 12.7220/87.21% | 7.3s
[Baseline2 - Stage 1  34/100] lr 0.0787 | train 13.3637/85.87% | val 12.8581/86.32% | test 12.9418/85.16% | 7.3s
[Baseline2 - Stage 1  35/100] lr 0.0773 | train 13.3387/86.02% | val 12.8052/86.02% | test 12.7796/86.37% | 7.3s
[Baseline2 - Stage 1  36/100] lr 0.0759 | train 13.3552/85.92% | val 12.7750/87.16% | test 12.8444/85.87% | 7.3s
[Baseline2 - Stage 1  37/100] lr 0.0745 | train 13.3151/86.22% | val 12.7557/87.72% | test 12.7902/87.83% | 7.3s
[Baseline2 - Stage 1  38/100] lr 0.0731 | train 13.2982/86.64% | val 12.5535/88.64% | test 12.6186/88.27% | 7.4s
[Baseline2 - Stage 1  39/100] lr 0.0716 | train 13.3072/86.36% | val 12.7011/87.30% | test 12.7078/87.59% | 7.3s
[Baseline2 - Stage 1  40/100] lr 0.0701 | train 13.2715/86.80% | val 12.5439/89.14% | test 12.5873/88.41% | 7.4s
[Baseline2 - Stage 1  41/100] lr 0.0686 | train 13.2678/86.93% | val 12.7007/87.32% | test 12.7520/86.92% | 7.3s
[Baseline2 - Stage 1  42/100] lr 0.0670 | train 13.2402/87.10% | val 12.4225/89.64% | test 12.4514/89.43% | 7.4s
[Baseline2 - Stage 1  43/100] lr 0.0655 | train 13.2000/87.56% | val 12.4060/90.52% | test 12.4664/89.77% | 7.4s
[Baseline2 - Stage 1  44/100] lr 0.0639 | train 13.1820/87.72% | val 12.3658/90.52% | test 12.4264/89.90% | 7.3s
[Baseline2 - Stage 1  45/100] lr 0.0623 | train 13.1792/87.66% | val 12.5821/88.92% | test 12.6542/88.00% | 7.3s
[Baseline2 - Stage 1  46/100] lr 0.0607 | train 13.1645/87.98% | val 12.4048/89.96% | test 12.4217/90.11% | 7.3s
[Baseline2 - Stage 1  47/100] lr 0.0590 | train 13.1614/87.96% | val 12.5215/89.34% | test 12.5713/88.55% | 7.3s
[Baseline2 - Stage 1  48/100] lr 0.0574 | train 13.1322/88.25% | val 13.0901/84.68% | test 13.0932/84.52% | 7.3s
[Baseline2 - Stage 1  49/100] lr 0.0558 | train 13.0931/88.66% | val 12.5005/90.16% | test 12.5369/89.10% | 7.3s
[Baseline2 - Stage 1  50/100] lr 0.0541 | train 13.0983/88.69% | val 12.4149/90.24% | test 12.4726/89.60% | 7.3s
[Baseline2 - Stage 1  51/100] lr 0.0525 | train 13.0643/89.15% | val 12.2898/91.44% | test 12.3573/90.76% | 7.4s
[Baseline2 - Stage 1  52/100] lr 0.0508 | train 13.0664/88.98% | val 12.4008/90.48% | test 12.4265/90.42% | 7.3s
[Baseline2 - Stage 1  53/100] lr 0.0492 | train 13.0301/89.27% | val 12.2810/91.78% | test 12.3339/91.27% | 7.4s
[Baseline2 - Stage 1  54/100] lr 0.0475 | train 13.0208/89.45% | val 12.4417/90.36% | test 12.4918/89.40% | 7.3s
[Baseline2 - Stage 1  55/100] lr 0.0459 | train 12.9824/89.85% | val 12.4324/90.36% | test 12.4508/89.94% | 7.3s
[Baseline2 - Stage 1  56/100] lr 0.0442 | train 12.9752/90.08% | val 12.3977/90.54% | test 12.4537/89.88% | 7.3s
[Baseline2 - Stage 1  57/100] lr 0.0426 | train 12.9606/90.21% | val 12.4587/89.46% | test 12.4562/90.06% | 7.3s
[Baseline2 - Stage 1  58/100] lr 0.0410 | train 12.9401/90.41% | val 12.2154/92.32% | test 12.2143/92.52% | 7.4s
[Baseline2 - Stage 1  59/100] lr 0.0393 | train 12.9089/90.83% | val 12.2597/92.28% | test 12.2794/91.57% | 7.3s
[Baseline2 - Stage 1  60/100] lr 0.0377 | train 12.8796/91.03% | val 12.2090/92.18% | test 12.2446/91.66% | 7.3s
[Baseline2 - Stage 1  61/100] lr 0.0361 | train 12.8858/90.96% | val 12.1766/92.60% | test 12.2106/92.20% | 7.4s
[Baseline2 - Stage 1  62/100] lr 0.0345 | train 12.8441/91.35% | val 12.3162/91.14% | test 12.3253/91.08% | 7.3s
[Baseline2 - Stage 1  63/100] lr 0.0330 | train 12.8332/91.74% | val 12.2204/92.22% | test 12.2485/92.13% | 7.3s
[Baseline2 - Stage 1  64/100] lr 0.0314 | train 12.8070/91.94% | val 12.1377/92.74% | test 12.1663/92.49% | 7.4s
[Baseline2 - Stage 1  65/100] lr 0.0299 | train 12.7742/92.13% | val 12.0992/92.98% | test 12.1113/93.26% | 7.4s
[Baseline2 - Stage 1  66/100] lr 0.0284 | train 12.7602/92.45% | val 12.2054/92.16% | test 12.2901/91.53% | 7.3s
[Baseline2 - Stage 1  67/100] lr 0.0269 | train 12.7474/92.52% | val 12.1734/92.74% | test 12.2282/92.40% | 7.3s
[Baseline2 - Stage 1  68/100] lr 0.0255 | train 12.6983/92.99% | val 12.0237/94.00% | test 12.0777/93.54% | 7.5s
[Baseline2 - Stage 1  69/100] lr 0.0241 | train 12.6882/93.36% | val 12.0415/93.72% | test 12.0762/93.83% | 7.3s
[Baseline2 - Stage 1  70/100] lr 0.0227 | train 12.6633/93.26% | val 12.0440/94.10% | test 12.1063/93.08% | 7.4s
[Baseline2 - Stage 1  71/100] lr 0.0213 | train 12.6606/93.63% | val 12.0630/93.44% | test 12.0932/93.47% | 7.3s
[Baseline2 - Stage 1  72/100] lr 0.0199 | train 12.6095/94.16% | val 11.9795/94.36% | test 12.0338/94.05% | 7.4s
[Baseline2 - Stage 1  73/100] lr 0.0186 | train 12.6003/94.27% | val 12.0730/93.76% | test 12.1088/93.43% | 7.3s
[Baseline2 - Stage 1  74/100] lr 0.0174 | train 12.5640/94.72% | val 11.9771/94.50% | test 12.0135/94.10% | 7.4s
[Baseline2 - Stage 1  75/100] lr 0.0161 | train 12.5467/94.96% | val 11.9951/94.16% | test 12.0206/94.32% | 7.3s
[Baseline2 - Stage 1  76/100] lr 0.0149 | train 12.5277/95.34% | val 11.9535/94.88% | test 12.0041/94.28% | 7.4s
[Baseline2 - Stage 1  77/100] lr 0.0138 | train 12.5004/95.45% | val 11.9488/94.60% | test 11.9980/94.51% | 7.3s
[Baseline2 - Stage 1  78/100] lr 0.0127 | train 12.4738/95.80% | val 11.9047/95.42% | test 11.9626/95.03% | 7.4s
[Baseline2 - Stage 1  79/100] lr 0.0116 | train 12.4598/95.97% | val 11.8965/95.32% | test 11.9535/94.97% | 7.3s
[Baseline2 - Stage 1  80/100] lr 0.0105 | train 12.4320/96.55% | val 11.8799/95.26% | test 11.9233/95.25% | 7.3s
[Baseline2 - Stage 1  81/100] lr 0.0095 | train 12.3996/96.77% | val 11.8838/95.56% | test 11.9147/95.32% | 7.4s
[Baseline2 - Stage 1  82/100] lr 0.0086 | train 12.3887/96.94% | val 11.8769/95.54% | test 11.9061/95.35% | 7.2s
[Baseline2 - Stage 1  83/100] lr 0.0077 | train 12.3846/96.99% | val 11.8699/95.58% | test 11.8883/95.54% | 7.4s
[Baseline2 - Stage 1  84/100] lr 0.0068 | train 12.3639/97.28% | val 11.8498/95.78% | test 11.8856/95.72% | 7.5s
[Baseline2 - Stage 1  85/100] lr 0.0060 | train 12.3585/97.65% | val 11.8358/95.82% | test 11.8739/95.66% | 7.4s
[Baseline2 - Stage 1  86/100] lr 0.0053 | train 12.3320/97.65% | val 11.8214/96.10% | test 11.8501/95.97% | 7.4s
[Baseline2 - Stage 1  87/100] lr 0.0045 | train 12.3313/97.65% | val 11.8290/96.28% | test 11.8586/95.95% | 7.4s
[Baseline2 - Stage 1  88/100] lr 0.0039 | train 12.3274/97.66% | val 11.8217/96.10% | test 11.8535/96.12% | 7.3s
[Baseline2 - Stage 1  89/100] lr 0.0033 | train 12.3168/97.98% | val 11.8063/96.24% | test 11.8391/96.01% | 7.3s
[Baseline2 - Stage 1  90/100] lr 0.0027 | train 12.3031/98.07% | val 11.8006/96.14% | test 11.8349/96.06% | 7.3s
[Baseline2 - Stage 1  91/100] lr 0.0022 | train 12.3014/98.19% | val 11.7965/96.28% | test 11.8291/96.20% | 7.3s
[Baseline2 - Stage 1  92/100] lr 0.0017 | train 12.3025/98.25% | val 11.7947/96.20% | test 11.8280/96.16% | 7.3s
[Baseline2 - Stage 1  93/100] lr 0.0013 | train 12.2826/98.17% | val 11.7918/96.28% | test 11.8257/96.25% | 7.2s
[Baseline2 - Stage 1  94/100] lr 0.0010 | train 12.2917/98.33% | val 11.7874/96.42% | test 11.8200/96.26% | 7.4s
[Baseline2 - Stage 1  95/100] lr 0.0007 | train 12.2948/98.29% | val 11.7865/96.28% | test 11.8186/96.26% | 7.3s
[Baseline2 - Stage 1  96/100] lr 0.0004 | train 12.2758/98.38% | val 11.7844/96.42% | test 11.8166/96.31% | 7.3s
[Baseline2 - Stage 1  97/100] lr 0.0002 | train 12.2870/98.33% | val 11.7839/96.30% | test 11.8172/96.24% | 7.3s
[Baseline2 - Stage 1  98/100] lr 0.0001 | train 12.2749/98.40% | val 11.7833/96.28% | test 11.8152/96.24% | 7.3s
[Baseline2 - Stage 1  99/100] lr 0.0000 | train 12.2852/98.45% | val 11.7839/96.42% | test 11.8156/96.23% | 7.2s
[Baseline2 - Stage 1 100/100] lr 0.0000 | train 12.2884/98.37% | val 11.7827/96.48% | test 11.8149/96.28% | 7.4s

--- Baseline 2 Stage 2: TWN QAT Fine-tuning (100 epochs) ---
[Baseline 2 Transition] Initializing fresh SGD optimizer and new 100-epoch Cosine schedule with 5-epoch warmup on top of pretrained FP32 weights.
[Baseline2 - Stage 2   1/100] lr 0.0201 | train 12.6185/94.56% | val 12.5515/88.94% | test 12.5688/89.22% | 7.7s
[Baseline2 - Stage 2   2/100] lr 0.0401 | train 13.1904/87.78% | val 13.7635/78.78% | test 13.7975/78.09% | 7.7s
[Baseline2 - Stage 2   3/100] lr 0.0601 | train 13.7454/81.82% | val 14.1406/73.90% | test 14.1563/74.00% | 7.7s
[Baseline2 - Stage 2   4/100] lr 0.0801 | train 13.9224/80.05% | val 13.1425/83.06% | test 13.0925/83.64% | 7.6s
[Baseline2 - Stage 2   5/100] lr 0.1000 | train 13.8331/80.95% | val 13.4270/80.68% | test 13.4906/80.11% | 7.7s
[Baseline2 - Stage 2   6/100] lr 0.1000 | train 13.7598/81.86% | val 12.9834/84.82% | test 13.0354/84.49% | 7.6s
[Baseline2 - Stage 2   7/100] lr 0.0999 | train 13.6216/83.32% | val 13.0119/84.48% | test 13.0803/83.40% | 7.6s
[Baseline2 - Stage 2   8/100] lr 0.0998 | train 13.6055/83.46% | val 13.0489/83.94% | test 13.1301/83.86% | 7.6s
[Baseline2 - Stage 2   9/100] lr 0.0996 | train 13.5601/83.82% | val 13.4015/81.22% | test 13.3900/81.01% | 7.6s
[Baseline2 - Stage 2  10/100] lr 0.0993 | train 13.5608/83.64% | val 13.3738/82.34% | test 13.3970/81.46% | 7.6s
[Baseline2 - Stage 2  11/100] lr 0.0990 | train 13.5415/83.92% | val 12.9318/84.92% | test 12.9495/85.19% | 7.6s
[Baseline2 - Stage 2  12/100] lr 0.0987 | train 13.5192/84.43% | val 12.9548/85.38% | test 13.0008/84.45% | 7.6s
[Baseline2 - Stage 2  13/100] lr 0.0983 | train 13.5348/84.15% | val 12.8142/86.74% | test 12.8892/85.69% | 7.6s
[Baseline2 - Stage 2  14/100] lr 0.0978 | train 13.5127/84.24% | val 12.9655/84.86% | test 12.9424/85.14% | 7.6s
[Baseline2 - Stage 2  15/100] lr 0.0973 | train 13.5271/84.34% | val 13.4122/81.58% | test 13.4448/80.52% | 7.6s
[Baseline2 - Stage 2  16/100] lr 0.0967 | train 13.4891/84.52% | val 12.8611/85.90% | test 12.8789/85.53% | 7.6s
[Baseline2 - Stage 2  17/100] lr 0.0961 | train 13.4973/84.62% | val 12.9802/84.80% | test 13.0028/85.11% | 7.6s
[Baseline2 - Stage 2  18/100] lr 0.0955 | train 13.4787/84.75% | val 13.0142/84.88% | test 13.0584/84.34% | 7.6s
[Baseline2 - Stage 2  19/100] lr 0.0947 | train 13.5001/84.52% | val 12.8944/85.76% | test 12.9388/85.12% | 7.7s
[Baseline2 - Stage 2  20/100] lr 0.0940 | train 13.4839/84.46% | val 12.6512/88.10% | test 12.7080/87.51% | 7.7s
[Baseline2 - Stage 2  21/100] lr 0.0932 | train 13.4713/84.96% | val 12.7006/87.10% | test 12.7456/86.76% | 7.6s
[Baseline2 - Stage 2  22/100] lr 0.0923 | train 13.4664/84.84% | val 13.0719/83.92% | test 13.1030/83.38% | 7.6s
[Baseline2 - Stage 2  23/100] lr 0.0914 | train 13.4710/84.74% | val 12.8952/85.40% | test 12.9357/84.74% | 7.7s
[Baseline2 - Stage 2  24/100] lr 0.0905 | train 13.4430/84.94% | val 12.7351/86.98% | test 12.7751/86.78% | 7.6s
[Baseline2 - Stage 2  25/100] lr 0.0895 | train 13.4528/84.98% | val 12.6377/87.94% | test 12.6629/87.70% | 7.7s
[Baseline2 - Stage 2  26/100] lr 0.0884 | train 13.4833/84.50% | val 12.9427/84.74% | test 12.9748/84.69% | 7.6s
[Baseline2 - Stage 2  27/100] lr 0.0873 | train 13.4344/85.29% | val 12.6757/87.44% | test 12.7192/87.11% | 7.7s
[Baseline2 - Stage 2  28/100] lr 0.0862 | train 13.4248/85.20% | val 12.5996/88.74% | test 12.6443/88.11% | 7.6s
[Baseline2 - Stage 2  29/100] lr 0.0851 | train 13.3852/85.68% | val 12.6210/88.48% | test 12.6749/87.06% | 7.7s
[Baseline2 - Stage 2  30/100] lr 0.0839 | train 13.4156/85.43% | val 12.5820/88.54% | test 12.6341/88.33% | 7.6s
[Baseline2 - Stage 2  31/100] lr 0.0826 | train 13.3972/85.61% | val 12.8002/86.80% | test 12.8528/86.51% | 7.6s
[Baseline2 - Stage 2  32/100] lr 0.0814 | train 13.3808/85.49% | val 13.1738/82.96% | test 13.2165/82.57% | 7.7s
[Baseline2 - Stage 2  33/100] lr 0.0801 | train 13.3682/85.93% | val 12.6685/87.98% | test 12.7191/87.64% | 7.6s
[Baseline2 - Stage 2  34/100] lr 0.0787 | train 13.3811/85.76% | val 12.8138/86.96% | test 12.8235/86.68% | 7.6s
[Baseline2 - Stage 2  35/100] lr 0.0773 | train 13.3582/85.94% | val 13.5364/81.08% | test 13.5976/80.31% | 7.6s
[Baseline2 - Stage 2  36/100] lr 0.0759 | train 13.3413/86.04% | val 12.8323/86.32% | test 12.9082/85.46% | 7.6s
[Baseline2 - Stage 2  37/100] lr 0.0745 | train 13.3263/86.34% | val 12.6157/88.00% | test 12.6970/87.64% | 7.6s
[Baseline2 - Stage 2  38/100] lr 0.0731 | train 13.3269/86.21% | val 12.7721/86.56% | test 12.8234/86.22% | 7.6s
[Baseline2 - Stage 2  39/100] lr 0.0716 | train 13.3085/86.23% | val 12.5957/88.32% | test 12.6479/87.99% | 7.6s
[Baseline2 - Stage 2  40/100] lr 0.0701 | train 13.2877/86.47% | val 12.6537/88.46% | test 12.7019/87.49% | 7.6s
[Baseline2 - Stage 2  41/100] lr 0.0686 | train 13.2726/86.92% | val 12.6518/87.44% | test 12.6629/87.68% | 7.6s
[Baseline2 - Stage 2  42/100] lr 0.0670 | train 13.2504/87.16% | val 12.6966/87.96% | test 12.7135/87.34% | 7.7s
[Baseline2 - Stage 2  43/100] lr 0.0655 | train 13.2451/87.16% | val 12.5061/89.50% | test 12.5561/88.80% | 7.8s
[Baseline2 - Stage 2  44/100] lr 0.0639 | train 13.2185/87.28% | val 12.4301/89.68% | test 12.4938/89.35% | 7.8s
[Baseline2 - Stage 2  45/100] lr 0.0623 | train 13.2177/87.22% | val 12.5630/89.18% | test 12.5950/88.61% | 7.6s
[Baseline2 - Stage 2  46/100] lr 0.0607 | train 13.2245/87.20% | val 12.5641/89.20% | test 12.6036/88.50% | 7.6s
[Baseline2 - Stage 2  47/100] lr 0.0590 | train 13.1850/87.67% | val 12.4581/89.26% | test 12.4915/89.18% | 7.6s
[Baseline2 - Stage 2  48/100] lr 0.0574 | train 13.1728/87.88% | val 12.4485/89.56% | test 12.4968/89.35% | 7.6s
[Baseline2 - Stage 2  49/100] lr 0.0558 | train 13.1544/88.04% | val 12.5255/89.38% | test 12.5906/88.61% | 7.6s
[Baseline2 - Stage 2  50/100] lr 0.0541 | train 13.1190/88.44% | val 12.5821/88.88% | test 12.6611/87.93% | 7.6s
[Baseline2 - Stage 2  51/100] lr 0.0525 | train 13.1212/88.24% | val 12.7102/87.68% | test 12.7594/87.28% | 7.6s
[Baseline2 - Stage 2  52/100] lr 0.0508 | train 13.1047/88.61% | val 12.5817/88.68% | test 12.6630/87.78% | 7.6s
[Baseline2 - Stage 2  53/100] lr 0.0492 | train 13.0946/88.74% | val 12.5508/89.20% | test 12.5871/88.53% | 7.6s
[Baseline2 - Stage 2  54/100] lr 0.0475 | train 13.0638/89.01% | val 12.3248/91.40% | test 12.3673/90.63% | 7.8s
[Baseline2 - Stage 2  55/100] lr 0.0459 | train 13.0368/89.35% | val 12.6230/88.20% | test 12.6519/87.92% | 7.6s
[Baseline2 - Stage 2  56/100] lr 0.0442 | train 13.0413/89.21% | val 12.3115/90.86% | test 12.3497/90.90% | 7.6s
[Baseline2 - Stage 2  57/100] lr 0.0426 | train 13.0146/89.45% | val 12.5608/88.64% | test 12.6204/88.28% | 7.6s
[Baseline2 - Stage 2  58/100] lr 0.0410 | train 13.0122/89.48% | val 12.2871/91.10% | test 12.3094/91.08% | 7.6s
[Baseline2 - Stage 2  59/100] lr 0.0393 | train 12.9612/90.01% | val 12.4438/90.22% | test 12.5039/89.97% | 7.7s
[Baseline2 - Stage 2  60/100] lr 0.0377 | train 12.9584/90.19% | val 12.2110/91.88% | test 12.2632/91.51% | 7.8s
[Baseline2 - Stage 2  61/100] lr 0.0361 | train 12.9288/90.42% | val 12.4009/90.58% | test 12.4256/89.81% | 7.7s
[Baseline2 - Stage 2  62/100] lr 0.0345 | train 12.8996/90.87% | val 12.2383/92.12% | test 12.3032/91.42% | 7.8s
[Baseline2 - Stage 2  63/100] lr 0.0330 | train 12.8918/90.69% | val 12.2899/91.58% | test 12.3738/90.48% | 7.7s
[Baseline2 - Stage 2  64/100] lr 0.0314 | train 12.8819/90.99% | val 12.1586/92.80% | test 12.2350/92.06% | 7.8s
[Baseline2 - Stage 2  65/100] lr 0.0299 | train 12.8444/91.33% | val 12.0766/93.66% | test 12.1372/92.97% | 7.8s
[Baseline2 - Stage 2  66/100] lr 0.0284 | train 12.8243/91.68% | val 12.1440/92.58% | test 12.2112/91.97% | 7.6s
[Baseline2 - Stage 2  67/100] lr 0.0269 | train 12.7946/92.10% | val 12.1931/92.58% | test 12.2813/91.81% | 7.7s
[Baseline2 - Stage 2  68/100] lr 0.0255 | train 12.7845/92.07% | val 12.0976/93.18% | test 12.1443/92.97% | 7.6s
[Baseline2 - Stage 2  69/100] lr 0.0241 | train 12.7586/92.43% | val 12.2093/92.42% | test 12.2712/91.70% | 7.6s
[Baseline2 - Stage 2  70/100] lr 0.0227 | train 12.7427/92.71% | val 12.1063/93.24% | test 12.1733/92.49% | 7.7s
[Baseline2 - Stage 2  71/100] lr 0.0213 | train 12.7148/92.81% | val 12.1345/93.34% | test 12.1866/92.38% | 7.6s
[Baseline2 - Stage 2  72/100] lr 0.0199 | train 12.6763/93.45% | val 12.0792/93.24% | test 12.1145/93.21% | 7.7s
[Baseline2 - Stage 2  73/100] lr 0.0186 | train 12.6550/93.56% | val 12.0022/94.60% | test 12.0790/93.45% | 7.8s
[Baseline2 - Stage 2  74/100] lr 0.0174 | train 12.6296/93.97% | val 12.0449/93.66% | test 12.0658/93.81% | 7.7s
[Baseline2 - Stage 2  75/100] lr 0.0161 | train 12.5971/94.32% | val 12.0609/93.62% | test 12.1128/93.43% | 7.6s
[Baseline2 - Stage 2  76/100] lr 0.0149 | train 12.5903/94.43% | val 11.9934/94.10% | test 12.0479/93.62% | 7.6s
[Baseline2 - Stage 2  77/100] lr 0.0138 | train 12.5550/94.84% | val 11.9773/94.32% | test 12.0090/94.27% | 7.6s
[Baseline2 - Stage 2  78/100] lr 0.0127 | train 12.5488/94.96% | val 11.9333/95.18% | test 11.9776/94.59% | 7.7s
[Baseline2 - Stage 2  79/100] lr 0.0116 | train 12.5195/95.29% | val 11.9547/94.60% | test 12.0004/94.63% | 7.6s
[Baseline2 - Stage 2  80/100] lr 0.0105 | train 12.4972/95.57% | val 11.9624/94.58% | test 11.9838/94.41% | 7.6s
[Baseline2 - Stage 2  81/100] lr 0.0095 | train 12.4863/95.76% | val 11.9326/95.04% | test 11.9865/94.40% | 7.6s
[Baseline2 - Stage 2  82/100] lr 0.0086 | train 12.4528/96.12% | val 11.8930/95.50% | test 11.9307/95.10% | 7.8s
[Baseline2 - Stage 2  83/100] lr 0.0077 | train 12.4359/96.46% | val 11.8816/95.38% | test 11.9283/95.17% | 7.7s
[Baseline2 - Stage 2  84/100] lr 0.0068 | train 12.4280/96.38% | val 11.8764/95.54% | test 11.9235/95.03% | 7.8s
[Baseline2 - Stage 2  85/100] lr 0.0060 | train 12.4089/96.84% | val 11.8768/95.38% | test 11.9015/95.31% | 7.7s
[Baseline2 - Stage 2  86/100] lr 0.0053 | train 12.3905/97.03% | val 11.8431/95.80% | test 11.8892/95.68% | 7.8s
[Baseline2 - Stage 2  87/100] lr 0.0045 | train 12.3728/97.31% | val 11.8337/96.02% | test 11.8811/95.58% | 7.8s
[Baseline2 - Stage 2  88/100] lr 0.0039 | train 12.3746/97.26% | val 11.8391/95.94% | test 11.8872/95.66% | 7.6s
[Baseline2 - Stage 2  89/100] lr 0.0033 | train 12.3485/97.56% | val 11.8214/95.90% | test 11.8670/95.73% | 7.6s
[Baseline2 - Stage 2  90/100] lr 0.0027 | train 12.3425/97.62% | val 11.8209/96.12% | test 11.8674/95.86% | 7.8s
[Baseline2 - Stage 2  91/100] lr 0.0022 | train 12.3217/97.84% | val 11.8021/96.24% | test 11.8521/95.80% | 7.9s
[Baseline2 - Stage 2  92/100] lr 0.0017 | train 12.3249/97.85% | val 11.8029/96.20% | test 11.8485/95.92% | 7.7s
[Baseline2 - Stage 2  93/100] lr 0.0013 | train 12.3238/97.94% | val 11.7986/96.44% | test 11.8506/95.85% | 7.7s
[Baseline2 - Stage 2  94/100] lr 0.0010 | train 12.3292/97.97% | val 11.7957/96.46% | test 11.8435/95.96% | 7.8s
[Baseline2 - Stage 2  95/100] lr 0.0007 | train 12.3195/97.97% | val 11.7947/96.44% | test 11.8429/95.99% | 7.7s
[Baseline2 - Stage 2  96/100] lr 0.0004 | train 12.3115/98.09% | val 11.7906/96.54% | test 11.8391/96.01% | 7.8s
[Baseline2 - Stage 2  97/100] lr 0.0002 | train 12.3109/98.13% | val 11.7904/96.54% | test 11.8375/96.03% | 7.7s
[Baseline2 - Stage 2  98/100] lr 0.0001 | train 12.3068/97.99% | val 11.7893/96.46% | test 11.8379/95.99% | 7.7s
[Baseline2 - Stage 2  99/100] lr 0.0000 | train 12.3078/98.13% | val 11.7907/96.44% | test 11.8385/96.08% | 7.6s
[Baseline2 - Stage 2 100/100] lr 0.0000 | train 12.3045/98.20% | val 11.7893/96.44% | test 11.8373/96.07% | 7.6s
Saved training curves to 'baseline2_temp4_curves.png'.
Saved weight histograms to 'baseline2_temp4_histograms.png'.

Final Best Checkpoint Test Accuracy: 96.01% (Loss: 11.8391)

Per-layer weight shape, unique quantized weights, and ternary sparsity:
  layer1.0.conv1                 | shape: (64, 64, 3, 3)     | unique:  7 | zero= 74.9% +alpha= 11.2% -alpha= 14.0%
  layer1.0.conv2                 | shape: (64, 64, 3, 3)     | unique:  7 | zero= 54.7% +alpha= 20.7% -alpha= 24.6%
  layer1.1.conv1                 | shape: (64, 64, 3, 3)     | unique:  3 | zero= 56.4% +alpha= 18.9% -alpha= 24.7%
  layer1.1.conv2                 | shape: (64, 64, 3, 3)     | unique:  7 | zero= 56.3% +alpha= 18.2% -alpha= 25.4%
  layer2.0.conv1                 | shape: (128, 64, 3, 3)    | unique:  7 | zero= 48.8% +alpha= 21.5% -alpha= 29.7%
  layer2.0.conv2                 | shape: (128, 128, 3, 3)   | unique:  5 | zero= 48.2% +alpha= 22.4% -alpha= 29.3%
  layer2.0.shortcut.0            | shape: (128, 64, 1, 1)    | unique:  8 | zero= 53.9% +alpha= 19.2% -alpha= 26.9%
  layer2.1.conv1                 | shape: (128, 128, 3, 3)   | unique:  7 | zero= 52.2% +alpha= 20.9% -alpha= 26.9%
  layer2.1.conv2                 | shape: (128, 128, 3, 3)   | unique:  9 | zero= 54.4% +alpha= 17.9% -alpha= 27.8%
  layer3.0.conv1                 | shape: (256, 128, 3, 3)   | unique:  5 | zero= 47.8% +alpha= 22.2% -alpha= 30.0%
  layer3.0.conv2                 | shape: (256, 256, 3, 3)   | unique:  7 | zero= 47.7% +alpha= 23.4% -alpha= 28.9%
  layer3.0.shortcut.0            | shape: (256, 128, 1, 1)   | unique: 10 | zero= 51.6% +alpha= 19.3% -alpha= 29.1%
  layer3.1.conv1                 | shape: (256, 256, 3, 3)   | unique: 10 | zero= 48.9% +alpha= 21.6% -alpha= 29.5%
  layer3.1.conv2                 | shape: (256, 256, 3, 3)   | unique:  7 | zero= 53.8% +alpha= 17.3% -alpha= 28.9%
  layer4.0.conv1                 | shape: (512, 256, 3, 3)   | unique:  9 | zero= 47.9% +alpha= 23.1% -alpha= 29.0%
  layer4.0.conv2                 | shape: (512, 512, 3, 3)   | unique:  9 | zero= 51.4% +alpha= 21.2% -alpha= 27.4%
  layer4.0.shortcut.0            | shape: (512, 256, 1, 1)   | unique:  8 | zero= 51.3% +alpha= 20.8% -alpha= 27.9%
  layer4.1.conv1                 | shape: (512, 512, 3, 3)   | unique:  9 | zero= 53.4% +alpha= 17.3% -alpha= 29.3%
  layer4.1.conv2                 | shape: (512, 512, 3, 3)   | unique:  7 | zero= 54.9% +alpha= 14.5% -alpha= 30.6%

Running Quantization Behavioral Verification Check...
Mean |logit difference| between quantized and raw-latent forward: 1568.1326
Prediction agreement between the two passes: 9.77%
Quantization is genuinely constraining the model computation.

===========================================================================
MODEL SIZE & BIT-LEVEL COMPRESSION MATHEMATICS (baseline2_temp4)
===========================================================================
1. Parameter Count Breakdown:
   - Total Parameters:                       11,173,962
   - Ternary (2-bit packed) Parameters:      11,157,504 ( 99.85%)
   - FP32 Unquantized Parameters:                16,458 (  0.15%)
   - Layerwise Alpha Scaling Factors:                19 (FP32 scalars)

2. Exact Bitstream Storage Calculation:
   - Ternary Weight Bits : 11,157,504 params x  2 bits =   22,315,008 bits
   - FP32 Parameter Bits :     16,458 params x 32 bits =      526,656 bits
   - Alpha Scaling Bits  :         19 layers x 32 bits =          608 bits
   -------------------------------------------------------------------
   - Total Compressed Bits:                          =   22,842,272 bits
   - Compressed Size: 22,842,272 / (8 x 1024^2)    =         2.72 MB

3. Baseline Comparison & Compression Summary:
   - Full FP32 Baseline Memory Footprint:                   42.63 MB
   - Theoretical 2-Bit Footprint (Deployment):               2.72 MB
   - Mathematical Compression Ratio:                        15.65x
   - Training Checkpoint on Disk (FP32 state_dict):         42.70 MB
===========================================================================


===========================================================================
RUNNING EXPERIMENT: BASELINE3
Configuration: Temp=4.0, KD Lambda=0.5, LabelSmoothing=0.0, QuantizeFirstLast=False
===========================================================================
Epoch   1/200 | lr 0.0201 | train 18.9224/20.73% | val 18.1512/28.28% | test 18.1378/28.59% | 7.6s
Epoch   2/200 | lr 0.0401 | train 18.1599/29.50% | val 17.6492/36.64% | test 17.6153/36.68% | 7.7s
Epoch   3/200 | lr 0.0601 | train 17.9107/32.93% | val 17.4827/37.66% | test 17.4406/38.00% | 7.7s
Epoch   4/200 | lr 0.0801 | train 17.7580/34.56% | val 17.3307/37.62% | test 17.2850/39.08% | 7.6s
Epoch   5/200 | lr 0.1000 | train 17.5775/36.89% | val 17.1229/39.88% | test 17.1064/40.48% | 7.6s
Epoch   6/200 | lr 0.1000 | train 17.4276/39.02% | val 18.0570/33.32% | test 17.9741/34.35% | 7.6s
Epoch   7/200 | lr 0.1000 | train 17.1993/42.02% | val 17.6074/37.32% | test 17.5567/38.34% | 7.6s
Epoch   8/200 | lr 0.0999 | train 16.8697/45.68% | val 17.5938/40.24% | test 17.5049/40.77% | 7.7s
Epoch   9/200 | lr 0.0999 | train 16.6095/48.99% | val 17.1609/43.00% | test 17.1375/42.41% | 7.6s
Epoch  10/200 | lr 0.0998 | train 16.4117/51.55% | val 16.8136/46.02% | test 16.8009/46.02% | 7.7s
Epoch  11/200 | lr 0.0998 | train 16.2418/53.72% | val 16.0453/54.42% | test 16.0709/53.11% | 7.8s
Epoch  12/200 | lr 0.0997 | train 16.1124/54.98% | val 16.8719/47.48% | test 16.7967/47.01% | 7.6s
Epoch  13/200 | lr 0.0996 | train 16.0231/56.34% | val 15.5532/57.44% | test 15.5794/56.68% | 7.7s
Epoch  14/200 | lr 0.0995 | train 15.9807/56.88% | val 16.1069/54.30% | test 16.1727/53.28% | 7.6s
Epoch  15/200 | lr 0.0994 | train 15.8790/58.20% | val 16.3937/52.60% | test 16.4024/51.84% | 7.6s
Epoch  16/200 | lr 0.0992 | train 15.8440/58.59% | val 15.0857/63.04% | test 15.1457/62.02% | 7.7s
Epoch  17/200 | lr 0.0991 | train 15.7861/59.17% | val 15.2399/61.44% | test 15.2476/61.73% | 7.6s
Epoch  18/200 | lr 0.0989 | train 15.7681/59.15% | val 15.7541/57.16% | test 15.7858/56.96% | 7.6s
Epoch  19/200 | lr 0.0987 | train 15.7348/59.75% | val 16.1461/53.26% | test 16.2091/53.05% | 7.6s
Epoch  20/200 | lr 0.0985 | train 15.7121/60.01% | val 15.2587/61.36% | test 15.1991/62.01% | 7.6s
Epoch  21/200 | lr 0.0983 | train 15.6846/60.20% | val 15.2876/60.12% | test 15.2448/61.05% | 7.6s
Epoch  22/200 | lr 0.0981 | train 15.6401/60.61% | val 14.9780/63.58% | test 14.9777/64.47% | 7.7s
Epoch  23/200 | lr 0.0979 | train 15.6445/60.57% | val 16.6759/49.78% | test 16.6456/49.59% | 7.6s
Epoch  24/200 | lr 0.0977 | train 15.6396/60.95% | val 14.9891/64.14% | test 15.0359/63.76% | 7.7s
Epoch  25/200 | lr 0.0974 | train 15.5863/61.57% | val 15.3340/59.68% | test 15.3633/59.42% | 7.6s
Epoch  26/200 | lr 0.0972 | train 15.5806/61.61% | val 15.2412/62.26% | test 15.2324/62.41% | 7.6s
Epoch  27/200 | lr 0.0969 | train 15.5263/62.16% | val 15.3630/60.88% | test 15.3623/60.80% | 7.6s
Epoch  28/200 | lr 0.0966 | train 15.5245/62.05% | val 15.5114/59.70% | test 15.5275/59.42% | 7.6s
Epoch  29/200 | lr 0.0963 | train 15.4877/62.39% | val 15.3346/60.72% | test 15.3446/60.42% | 7.6s
Epoch  30/200 | lr 0.0960 | train 15.4681/62.73% | val 15.6821/58.22% | test 15.8277/56.58% | 7.6s
Epoch  31/200 | lr 0.0957 | train 15.4536/63.10% | val 15.1181/63.18% | test 15.1405/63.06% | 7.6s
Epoch  32/200 | lr 0.0953 | train 15.4153/63.58% | val 15.8450/57.86% | test 15.8610/58.32% | 7.6s
Epoch  33/200 | lr 0.0950 | train 15.4283/63.27% | val 14.6141/68.02% | test 14.6349/67.80% | 7.7s
Epoch  34/200 | lr 0.0946 | train 15.3893/64.10% | val 14.7055/66.64% | test 14.7618/66.93% | 7.6s
Epoch  35/200 | lr 0.0943 | train 15.3447/64.48% | val 14.4993/68.32% | test 14.5147/69.27% | 7.7s
Epoch  36/200 | lr 0.0939 | train 15.3612/64.23% | val 15.5053/60.18% | test 15.5094/59.36% | 7.6s
Epoch  37/200 | lr 0.0935 | train 15.3403/64.42% | val 15.5417/59.14% | test 15.5891/59.48% | 7.6s
Epoch  38/200 | lr 0.0931 | train 15.3012/64.75% | val 15.9741/56.70% | test 15.9580/56.92% | 7.6s
Epoch  39/200 | lr 0.0927 | train 15.3168/64.65% | val 15.2207/62.78% | test 15.2417/62.38% | 7.6s
Epoch  40/200 | lr 0.0923 | train 15.3067/64.84% | val 15.3832/61.24% | test 15.4582/61.00% | 7.6s
Epoch  41/200 | lr 0.0918 | train 15.2753/65.07% | val 14.8262/66.36% | test 14.7896/66.33% | 7.6s
Epoch  42/200 | lr 0.0914 | train 15.2799/65.17% | val 14.7927/66.82% | test 14.8164/66.83% | 7.6s
Epoch  43/200 | lr 0.0909 | train 15.2425/65.41% | val 14.7165/67.86% | test 14.7306/68.13% | 7.6s
Epoch  44/200 | lr 0.0905 | train 15.2464/65.55% | val 14.5547/68.44% | test 14.5613/67.26% | 7.7s
Epoch  45/200 | lr 0.0900 | train 15.2312/65.65% | val 15.4651/60.44% | test 15.4945/60.18% | 7.6s
Epoch  46/200 | lr 0.0895 | train 15.2019/66.09% | val 15.7483/57.92% | test 15.7399/58.18% | 7.6s
Epoch  47/200 | lr 0.0890 | train 15.2327/65.60% | val 14.7447/67.38% | test 14.7123/67.76% | 7.6s
Epoch  48/200 | lr 0.0885 | train 15.2085/65.96% | val 15.2200/62.40% | test 15.2471/61.68% | 7.6s
Epoch  49/200 | lr 0.0880 | train 15.2198/65.77% | val 14.5872/69.02% | test 14.6550/68.23% | 7.7s
Epoch  50/200 | lr 0.0874 | train 15.1800/66.32% | val 17.6372/45.00% | test 17.6057/45.71% | 7.6s
Epoch  51/200 | lr 0.0869 | train 15.1785/66.41% | val 14.8419/67.22% | test 14.9086/65.46% | 7.6s
Epoch  52/200 | lr 0.0863 | train 15.1632/66.36% | val 14.4132/70.52% | test 14.4712/70.24% | 7.7s
Epoch  53/200 | lr 0.0858 | train 15.1407/66.66% | val 14.6382/68.46% | test 14.6609/68.07% | 7.6s
Epoch  54/200 | lr 0.0852 | train 15.1340/66.86% | val 14.9128/65.66% | test 14.8397/66.35% | 7.6s
Epoch  55/200 | lr 0.0846 | train 15.1261/67.15% | val 14.4452/70.04% | test 14.4255/70.57% | 7.6s
Epoch  56/200 | lr 0.0841 | train 15.1126/67.11% | val 14.3119/70.82% | test 14.3517/70.90% | 7.7s
Epoch  57/200 | lr 0.0835 | train 15.1201/66.77% | val 14.4375/70.10% | test 14.4591/70.27% | 7.6s
Epoch  58/200 | lr 0.0829 | train 15.0934/67.33% | val 15.1409/63.88% | test 15.1124/64.55% | 7.6s
Epoch  59/200 | lr 0.0822 | train 15.0932/67.12% | val 14.6094/69.00% | test 14.5991/69.15% | 7.6s
Epoch  60/200 | lr 0.0816 | train 15.1038/67.27% | val 14.4014/69.76% | test 14.3594/70.80% | 7.6s
Epoch  61/200 | lr 0.0810 | train 15.0827/67.39% | val 14.3985/70.22% | test 14.4796/69.92% | 7.6s
Epoch  62/200 | lr 0.0804 | train 15.0839/67.46% | val 15.1609/64.28% | test 15.1218/64.67% | 7.6s
Epoch  63/200 | lr 0.0797 | train 15.0521/67.78% | val 14.1445/73.10% | test 14.1726/72.58% | 7.7s
Epoch  64/200 | lr 0.0791 | train 15.0954/67.58% | val 14.4946/69.46% | test 14.5397/69.60% | 7.6s
Epoch  65/200 | lr 0.0784 | train 15.0489/67.83% | val 14.5114/68.46% | test 14.5047/69.04% | 7.5s
Epoch  66/200 | lr 0.0777 | train 15.0311/67.85% | val 14.5536/69.90% | test 14.6270/69.24% | 7.6s
Epoch  67/200 | lr 0.0771 | train 15.0120/68.22% | val 14.8674/66.10% | test 14.8078/67.12% | 7.6s
Epoch  68/200 | lr 0.0764 | train 15.0300/67.95% | val 14.0425/73.64% | test 14.0568/73.48% | 7.7s
Epoch  69/200 | lr 0.0757 | train 14.9948/68.48% | val 14.4932/70.36% | test 14.4250/71.10% | 7.6s
Epoch  70/200 | lr 0.0750 | train 15.0090/68.27% | val 14.5844/69.26% | test 14.6012/68.67% | 7.6s
Epoch  71/200 | lr 0.0743 | train 15.0038/68.05% | val 14.3669/70.10% | test 14.3628/71.08% | 7.6s
Epoch  72/200 | lr 0.0736 | train 15.0027/68.20% | val 14.5750/69.20% | test 14.5948/68.30% | 7.6s
Epoch  73/200 | lr 0.0729 | train 15.0063/68.30% | val 15.2024/63.84% | test 15.2532/62.08% | 7.6s
Epoch  74/200 | lr 0.0722 | train 15.0121/68.29% | val 14.4027/71.18% | test 14.4050/70.83% | 7.6s
Epoch  75/200 | lr 0.0714 | train 14.9819/68.42% | val 14.1975/72.24% | test 14.1581/72.79% | 7.6s
Epoch  76/200 | lr 0.0707 | train 15.0012/68.18% | val 14.4527/69.70% | test 14.5097/68.94% | 7.6s
Epoch  77/200 | lr 0.0700 | train 14.9851/68.44% | val 14.3300/71.06% | test 14.4144/70.37% | 7.6s
Epoch  78/200 | lr 0.0692 | train 14.9476/69.04% | val 15.2893/64.06% | test 15.2743/63.28% | 7.6s
Epoch  79/200 | lr 0.0685 | train 14.9936/68.30% | val 14.3448/71.76% | test 14.2889/72.52% | 7.6s
Epoch  80/200 | lr 0.0677 | train 14.9644/68.60% | val 14.7461/68.50% | test 14.7598/67.92% | 7.6s
Epoch  81/200 | lr 0.0670 | train 14.9426/68.90% | val 14.5677/68.94% | test 14.6031/68.23% | 7.6s
Epoch  82/200 | lr 0.0662 | train 14.9281/68.89% | val 14.4141/70.44% | test 14.3966/70.67% | 7.6s
Epoch  83/200 | lr 0.0655 | train 14.9242/69.05% | val 14.5702/69.22% | test 14.5312/69.51% | 7.6s
Epoch  84/200 | lr 0.0647 | train 14.9171/69.13% | val 14.8144/68.70% | test 14.8185/68.02% | 7.6s
Epoch  85/200 | lr 0.0639 | train 14.8904/69.42% | val 14.6666/68.32% | test 14.5902/69.46% | 7.6s
Epoch  86/200 | lr 0.0631 | train 14.9025/69.32% | val 14.5614/68.94% | test 14.6294/68.96% | 7.6s
Epoch  87/200 | lr 0.0624 | train 14.9021/69.45% | val 14.5760/69.58% | test 14.6242/68.94% | 7.6s
Epoch  88/200 | lr 0.0616 | train 14.9100/69.44% | val 14.4529/69.82% | test 14.4778/69.56% | 7.6s
Epoch  89/200 | lr 0.0608 | train 14.9160/69.27% | val 14.0760/73.20% | test 14.0330/74.07% | 7.6s
Epoch  90/200 | lr 0.0600 | train 14.9189/68.93% | val 14.2954/71.72% | test 14.3010/71.38% | 7.6s
Epoch  91/200 | lr 0.0592 | train 14.9143/69.22% | val 13.9964/74.00% | test 13.9988/74.64% | 7.7s
Epoch  92/200 | lr 0.0584 | train 14.8697/69.66% | val 13.9389/74.94% | test 13.9685/74.49% | 7.7s
Epoch  93/200 | lr 0.0576 | train 14.8820/69.42% | val 14.2360/72.04% | test 14.2398/72.18% | 7.6s
Epoch  94/200 | lr 0.0568 | train 14.8640/69.73% | val 14.2319/71.42% | test 14.2143/71.18% | 7.6s
Epoch  95/200 | lr 0.0560 | train 14.8684/69.47% | val 14.2563/72.20% | test 14.2691/72.15% | 7.6s
Epoch  96/200 | lr 0.0552 | train 14.8532/69.89% | val 13.9143/75.12% | test 13.9803/74.66% | 7.7s
Epoch  97/200 | lr 0.0544 | train 14.8526/70.03% | val 14.7683/67.66% | test 14.7573/66.77% | 7.6s
Epoch  98/200 | lr 0.0536 | train 14.8397/70.07% | val 14.4255/69.44% | test 14.3977/69.52% | 7.6s
Epoch  99/200 | lr 0.0528 | train 14.8516/69.86% | val 14.4494/70.54% | test 14.4476/70.22% | 7.6s
Epoch 100/200 | lr 0.0520 | train 14.8375/69.85% | val 14.2675/71.94% | test 14.2201/71.61% | 7.6s
Epoch 101/200 | lr 0.0512 | train 14.8197/70.26% | val 13.9276/75.52% | test 13.9190/76.23% | 7.7s
Epoch 102/200 | lr 0.0504 | train 14.8100/70.36% | val 14.1167/73.56% | test 14.1648/73.25% | 7.6s
Epoch 103/200 | lr 0.0496 | train 14.7966/70.74% | val 14.4156/70.64% | test 14.4293/70.41% | 7.6s
Epoch 104/200 | lr 0.0488 | train 14.7822/70.56% | val 14.1794/73.24% | test 14.1674/73.95% | 7.6s
Epoch 105/200 | lr 0.0480 | train 14.7896/70.52% | val 13.8724/75.94% | test 13.8804/75.85% | 7.7s
Epoch 106/200 | lr 0.0472 | train 14.7859/70.38% | val 14.4102/70.62% | test 14.4195/70.12% | 7.6s
Epoch 107/200 | lr 0.0464 | train 14.7960/70.44% | val 14.1233/72.96% | test 14.0752/74.41% | 7.6s
Epoch 108/200 | lr 0.0456 | train 14.7875/70.53% | val 13.9719/75.44% | test 13.9667/75.34% | 7.6s
Epoch 109/200 | lr 0.0448 | train 14.7665/70.79% | val 13.8924/75.78% | test 13.9463/75.43% | 7.6s
Epoch 110/200 | lr 0.0440 | train 14.7549/71.24% | val 14.6273/68.58% | test 14.6169/68.68% | 7.6s
Epoch 111/200 | lr 0.0432 | train 14.7524/71.02% | val 14.5397/69.78% | test 14.5359/70.31% | 7.6s
Epoch 112/200 | lr 0.0424 | train 14.7318/71.47% | val 13.8575/75.54% | test 13.8184/76.34% | 7.6s
Epoch 113/200 | lr 0.0416 | train 14.7681/70.80% | val 15.0044/64.36% | test 14.9765/65.19% | 7.6s
Epoch 114/200 | lr 0.0408 | train 14.7281/71.21% | val 13.8573/76.10% | test 13.8992/75.55% | 7.7s
Epoch 115/200 | lr 0.0400 | train 14.7423/71.09% | val 14.1888/73.68% | test 14.1390/74.21% | 7.6s
Epoch 116/200 | lr 0.0392 | train 14.7358/71.31% | val 14.1316/74.02% | test 14.1183/74.18% | 7.6s
Epoch 117/200 | lr 0.0384 | train 14.7076/71.61% | val 14.5282/70.56% | test 14.5370/69.94% | 7.6s
Epoch 118/200 | lr 0.0376 | train 14.7169/71.21% | val 13.8703/75.44% | test 13.8499/75.91% | 7.6s
Epoch 119/200 | lr 0.0369 | train 14.6933/71.87% | val 14.3819/71.16% | test 14.3508/70.94% | 7.6s
Epoch 120/200 | lr 0.0361 | train 14.7188/71.08% | val 13.6321/77.96% | test 13.6500/78.01% | 7.7s
Epoch 121/200 | lr 0.0353 | train 14.7107/71.62% | val 14.5028/69.44% | test 14.5107/69.37% | 7.6s
Epoch 122/200 | lr 0.0345 | train 14.6955/71.59% | val 14.2165/72.52% | test 14.2004/71.86% | 7.6s
Epoch 123/200 | lr 0.0338 | train 14.6897/71.88% | val 13.8500/76.58% | test 13.8678/76.63% | 7.6s
Epoch 124/200 | lr 0.0330 | train 14.6672/72.08% | val 13.7644/76.34% | test 13.7482/76.69% | 7.6s
Epoch 125/200 | lr 0.0323 | train 14.6586/72.11% | val 13.9242/76.12% | test 13.9237/75.53% | 7.6s
Epoch 126/200 | lr 0.0315 | train 14.6481/72.11% | val 13.8943/76.50% | test 13.9170/76.15% | 7.6s
Epoch 127/200 | lr 0.0308 | train 14.6366/72.26% | val 13.8449/76.72% | test 13.8518/75.69% | 7.6s
Epoch 128/200 | lr 0.0300 | train 14.6339/72.34% | val 13.8938/75.12% | test 13.8745/76.10% | 7.6s
Epoch 129/200 | lr 0.0293 | train 14.6326/72.56% | val 13.9562/74.56% | test 13.9421/74.73% | 7.6s
Epoch 130/200 | lr 0.0286 | train 14.6275/72.25% | val 13.9852/74.60% | test 13.9634/74.78% | 7.6s
Epoch 131/200 | lr 0.0278 | train 14.6221/72.54% | val 14.0818/74.08% | test 14.0710/74.81% | 7.6s
Epoch 132/200 | lr 0.0271 | train 14.6231/72.67% | val 13.6322/78.24% | test 13.6330/78.21% | 7.7s
Epoch 133/200 | lr 0.0264 | train 14.6046/72.73% | val 13.7084/77.66% | test 13.6861/77.98% | 7.6s
Epoch 134/200 | lr 0.0257 | train 14.5829/72.84% | val 13.6462/78.48% | test 13.6276/77.85% | 7.7s
Epoch 135/200 | lr 0.0250 | train 14.5807/72.97% | val 14.5643/69.06% | test 14.6008/69.08% | 7.6s
Epoch 136/200 | lr 0.0243 | train 14.5632/72.99% | val 13.6308/78.42% | test 13.6034/78.59% | 7.6s
Epoch 137/200 | lr 0.0236 | train 14.5566/73.25% | val 13.4997/79.12% | test 13.5027/79.41% | 7.7s
Epoch 138/200 | lr 0.0229 | train 14.5585/73.34% | val 13.7202/77.92% | test 13.6890/77.67% | 7.6s
Epoch 139/200 | lr 0.0223 | train 14.5254/73.46% | val 13.6911/77.74% | test 13.7133/77.10% | 7.6s
Epoch 140/200 | lr 0.0216 | train 14.5484/73.30% | val 13.5387/79.22% | test 13.5397/78.95% | 7.7s
Epoch 141/200 | lr 0.0209 | train 14.5285/73.44% | val 13.5780/78.54% | test 13.5935/78.03% | 7.6s
Epoch 142/200 | lr 0.0203 | train 14.5103/73.62% | val 13.5085/79.24% | test 13.5184/78.95% | 7.7s
Epoch 143/200 | lr 0.0196 | train 14.5195/73.47% | val 13.7333/78.08% | test 13.7781/77.51% | 7.6s
Epoch 144/200 | lr 0.0190 | train 14.5024/73.75% | val 13.6041/78.56% | test 13.6092/79.12% | 7.6s
Epoch 145/200 | lr 0.0184 | train 14.4914/74.00% | val 13.5118/80.08% | test 13.5349/78.76% | 7.6s
Epoch 146/200 | lr 0.0178 | train 14.4809/74.22% | val 13.5045/79.58% | test 13.5209/79.45% | 7.6s
Epoch 147/200 | lr 0.0171 | train 14.4745/73.92% | val 13.4511/80.38% | test 13.4555/80.17% | 7.6s
Epoch 148/200 | lr 0.0165 | train 14.4741/73.94% | val 13.4586/80.44% | test 13.4477/80.11% | 8.1s
Epoch 149/200 | lr 0.0159 | train 14.4746/74.03% | val 13.5531/78.98% | test 13.5467/78.86% | 7.6s
Epoch 150/200 | lr 0.0154 | train 14.4543/74.41% | val 13.4924/79.82% | test 13.4878/79.75% | 7.6s
Epoch 151/200 | lr 0.0148 | train 14.4468/74.60% | val 13.4853/79.30% | test 13.4937/79.59% | 7.6s
Epoch 152/200 | lr 0.0142 | train 14.4323/74.59% | val 13.3965/80.46% | test 13.4234/80.43% | 7.7s
Epoch 153/200 | lr 0.0137 | train 14.4503/74.26% | val 13.4224/80.16% | test 13.4436/80.07% | 7.6s
Epoch 154/200 | lr 0.0131 | train 14.4129/74.80% | val 13.3802/80.60% | test 13.4012/80.80% | 7.6s
Epoch 155/200 | lr 0.0126 | train 14.4176/74.82% | val 13.4025/80.46% | test 13.4276/80.76% | 7.6s
Epoch 156/200 | lr 0.0120 | train 14.4094/74.93% | val 13.3776/81.06% | test 13.3956/80.57% | 7.7s
Epoch 157/200 | lr 0.0115 | train 14.4061/75.02% | val 13.4068/80.68% | test 13.4192/80.87% | 7.6s
Epoch 158/200 | lr 0.0110 | train 14.3998/75.13% | val 13.3902/80.90% | test 13.4186/80.72% | 7.6s
Epoch 159/200 | lr 0.0105 | train 14.3814/75.10% | val 13.4702/79.80% | test 13.4950/79.65% | 7.6s
Epoch 160/200 | lr 0.0100 | train 14.3736/75.16% | val 13.3171/81.90% | test 13.3327/81.48% | 7.7s
Epoch 161/200 | lr 0.0095 | train 14.3881/75.36% | val 13.4479/80.22% | test 13.4581/79.84% | 7.6s
Epoch 162/200 | lr 0.0091 | train 14.3742/75.25% | val 13.2994/82.02% | test 13.3257/81.56% | 7.7s
Epoch 163/200 | lr 0.0086 | train 14.3752/75.34% | val 13.4236/80.50% | test 13.4613/79.84% | 7.6s
Epoch 164/200 | lr 0.0082 | train 14.3583/75.52% | val 13.3255/81.20% | test 13.3561/80.83% | 7.6s
Epoch 165/200 | lr 0.0077 | train 14.3622/75.55% | val 13.3380/81.64% | test 13.3459/81.12% | 7.6s
Epoch 166/200 | lr 0.0073 | train 14.3418/75.64% | val 13.3240/81.58% | test 13.3575/81.28% | 7.6s
Epoch 167/200 | lr 0.0069 | train 14.3612/75.59% | val 13.3227/81.92% | test 13.3485/81.48% | 7.6s
Epoch 168/200 | lr 0.0065 | train 14.3526/75.58% | val 13.2868/81.76% | test 13.3239/81.64% | 7.6s
Epoch 169/200 | lr 0.0061 | train 14.3545/75.62% | val 13.3126/81.84% | test 13.3399/81.25% | 7.6s
Epoch 170/200 | lr 0.0057 | train 14.3480/75.56% | val 13.2845/81.80% | test 13.3033/81.38% | 7.6s
Epoch 171/200 | lr 0.0054 | train 14.3306/75.62% | val 13.3352/81.38% | test 13.3387/81.13% | 7.6s
Epoch 172/200 | lr 0.0050 | train 14.3378/75.78% | val 13.3021/81.52% | test 13.3119/81.68% | 7.6s
Epoch 173/200 | lr 0.0047 | train 14.3401/75.76% | val 13.3066/81.68% | test 13.3322/81.24% | 7.6s
Epoch 174/200 | lr 0.0043 | train 14.3351/75.94% | val 13.2926/81.88% | test 13.3264/81.46% | 7.6s
Epoch 175/200 | lr 0.0040 | train 14.3358/75.73% | val 13.2774/81.76% | test 13.2903/81.66% | 7.6s
Epoch 176/200 | lr 0.0037 | train 14.3237/75.76% | val 13.2730/81.92% | test 13.3008/81.76% | 7.6s
Epoch 177/200 | lr 0.0034 | train 14.3149/76.15% | val 13.2694/82.46% | test 13.2837/82.00% | 7.7s
Epoch 178/200 | lr 0.0031 | train 14.3182/76.13% | val 13.2807/82.02% | test 13.2960/81.83% | 7.6s
Epoch 179/200 | lr 0.0028 | train 14.3251/75.71% | val 13.2735/81.72% | test 13.2878/81.86% | 7.6s
Epoch 180/200 | lr 0.0026 | train 14.3130/76.18% | val 13.2769/82.16% | test 13.2869/82.02% | 7.6s
Epoch 181/200 | lr 0.0023 | train 14.3195/75.99% | val 13.2639/82.22% | test 13.2842/81.87% | 7.6s
Epoch 182/200 | lr 0.0021 | train 14.3250/76.00% | val 13.2520/82.26% | test 13.2702/82.05% | 7.6s
Epoch 183/200 | lr 0.0019 | train 14.3243/76.02% | val 13.2544/82.48% | test 13.2777/82.07% | 7.7s
Epoch 184/200 | lr 0.0017 | train 14.2983/75.99% | val 13.2590/82.20% | test 13.2787/81.82% | 7.6s
Epoch 185/200 | lr 0.0015 | train 14.3041/76.12% | val 13.2588/82.44% | test 13.2724/82.01% | 7.6s
Epoch 186/200 | lr 0.0013 | train 14.3092/76.08% | val 13.2399/82.54% | test 13.2635/81.83% | 7.6s
Epoch 187/200 | lr 0.0011 | train 14.2914/76.24% | val 13.2545/82.58% | test 13.2675/81.93% | 7.8s
Epoch 188/200 | lr 0.0009 | train 14.3161/76.09% | val 13.2474/82.40% | test 13.2712/81.97% | 7.6s
Epoch 189/200 | lr 0.0008 | train 14.2946/76.19% | val 13.2479/82.16% | test 13.2731/81.95% | 7.6s
Epoch 190/200 | lr 0.0006 | train 14.2920/76.21% | val 13.2420/82.36% | test 13.2572/82.10% | 7.6s
Epoch 191/200 | lr 0.0005 | train 14.2972/76.23% | val 13.2349/82.52% | test 13.2542/82.05% | 7.6s
Epoch 192/200 | lr 0.0004 | train 14.2740/76.50% | val 13.2319/82.66% | test 13.2550/82.01% | 7.7s
Epoch 193/200 | lr 0.0003 | train 14.2874/76.16% | val 13.2409/82.58% | test 13.2596/81.97% | 7.6s
Epoch 194/200 | lr 0.0002 | train 14.2816/76.16% | val 13.2467/82.46% | test 13.2710/81.86% | 7.6s
Epoch 195/200 | lr 0.0002 | train 14.2870/76.20% | val 13.2384/82.48% | test 13.2596/82.01% | 7.6s
Epoch 196/200 | lr 0.0001 | train 14.2999/76.22% | val 13.2359/82.60% | test 13.2597/82.00% | 7.6s
Epoch 197/200 | lr 0.0001 | train 14.2907/76.53% | val 13.2356/82.50% | test 13.2602/82.11% | 7.6s
Epoch 198/200 | lr 0.0000 | train 14.2868/76.25% | val 13.2475/82.52% | test 13.2679/81.83% | 7.6s
Epoch 199/200 | lr 0.0000 | train 14.2839/76.39% | val 13.2386/82.64% | test 13.2592/82.07% | 7.6s
Epoch 200/200 | lr 0.0000 | train 14.2956/76.19% | val 13.2427/82.56% | test 13.2650/81.98% | 7.6s

BASELINE3 Training Complete in 0.42 hours. Best Val Acc: 82.66% (Saved: baseline3_temp4_best.pth)
Saved training curves to 'baseline3_temp4_curves.png'.
Saved weight histograms to 'baseline3_temp4_histograms.png'.

Final Best Checkpoint Test Accuracy: 82.01% (Loss: 13.2550)

Per-layer weight shape, unique quantized weights, and ternary sparsity:
  layer1.0.conv1                 | shape: (64, 64, 3, 3)     | unique:  3 | zero= 34.4% +alpha= 30.6% -alpha= 35.0%
  layer1.0.conv2                 | shape: (64, 64, 3, 3)     | unique:  3 | zero= 33.8% +alpha= 31.6% -alpha= 34.6%
  layer1.1.conv1                 | shape: (64, 64, 3, 3)     | unique:  3 | zero= 34.0% +alpha= 30.0% -alpha= 36.0%
  layer1.1.conv2                 | shape: (64, 64, 3, 3)     | unique:  3 | zero= 33.6% +alpha= 30.9% -alpha= 35.5%
  layer2.0.conv1                 | shape: (128, 64, 3, 3)    | unique:  3 | zero= 34.0% +alpha= 29.7% -alpha= 36.3%
  layer2.0.conv2                 | shape: (128, 128, 3, 3)   | unique:  3 | zero= 34.2% +alpha= 31.2% -alpha= 34.5%
  layer2.0.shortcut.0            | shape: (128, 64, 1, 1)    | unique:  3 | zero= 33.1% +alpha= 29.8% -alpha= 37.1%
  layer2.1.conv1                 | shape: (128, 128, 3, 3)   | unique:  3 | zero= 34.3% +alpha= 30.8% -alpha= 34.9%
  layer2.1.conv2                 | shape: (128, 128, 3, 3)   | unique:  3 | zero= 33.9% +alpha= 31.3% -alpha= 34.7%
  layer3.0.conv1                 | shape: (256, 128, 3, 3)   | unique:  3 | zero= 34.2% +alpha= 31.2% -alpha= 34.6%
  layer3.0.conv2                 | shape: (256, 256, 3, 3)   | unique:  3 | zero= 34.3% +alpha= 31.1% -alpha= 34.6%
  layer3.0.shortcut.0            | shape: (256, 128, 1, 1)   | unique:  3 | zero= 33.6% +alpha= 29.8% -alpha= 36.5%
  layer3.1.conv1                 | shape: (256, 256, 3, 3)   | unique:  3 | zero= 34.2% +alpha= 30.9% -alpha= 34.9%
  layer3.1.conv2                 | shape: (256, 256, 3, 3)   | unique:  3 | zero= 34.2% +alpha= 31.7% -alpha= 34.0%
  layer4.0.conv1                 | shape: (512, 256, 3, 3)   | unique:  3 | zero= 34.2% +alpha= 31.1% -alpha= 34.8%
  layer4.0.conv2                 | shape: (512, 512, 3, 3)   | unique:  3 | zero= 34.7% +alpha= 32.7% -alpha= 32.6%
  layer4.0.shortcut.0            | shape: (512, 256, 1, 1)   | unique:  3 | zero= 34.2% +alpha= 32.2% -alpha= 33.6%
  layer4.1.conv1                 | shape: (512, 512, 3, 3)   | unique:  3 | zero= 35.6% +alpha= 31.7% -alpha= 32.7%
  layer4.1.conv2                 | shape: (512, 512, 3, 3)   | unique:  3 | zero= 35.7% +alpha= 32.6% -alpha= 31.7%

===========================================================================
MODEL SIZE & BIT-LEVEL COMPRESSION MATHEMATICS (baseline3_temp4)
===========================================================================
1. Parameter Count Breakdown:
   - Total Parameters:                       11,173,962
   - Ternary (2-bit packed) Parameters:      11,157,504 ( 99.85%)
   - FP32 Unquantized Parameters:                16,458 (  0.15%)
   - Layerwise Alpha Scaling Factors:                19 (FP32 scalars)

2. Exact Bitstream Storage Calculation:
   - Ternary Weight Bits : 11,157,504 params x  2 bits =   22,315,008 bits
   - FP32 Parameter Bits :     16,458 params x 32 bits =      526,656 bits
   - Alpha Scaling Bits  :         19 layers x 32 bits =          608 bits
   -------------------------------------------------------------------
   - Total Compressed Bits:                          =   22,842,272 bits
   - Compressed Size: 22,842,272 / (8 x 1024^2)    =         2.72 MB

3. Baseline Comparison & Compression Summary:
   - Full FP32 Baseline Memory Footprint:                   42.63 MB
   - Theoretical 2-Bit Footprint (Deployment):               2.72 MB
   - Mathematical Compression Ratio:                        15.65x
   - Training Checkpoint on Disk (FP32 state_dict):         42.70 MB
===========================================================================


===========================================================================
RUNNING EXPERIMENT: BASELINE4
Configuration: Temp=4.0, KD Lambda=0.5, LabelSmoothing=0.0, QuantizeFirstLast=False
===========================================================================
Epoch   1/200 | lr 0.0201 | train 17.4570/38.36% | val 19.5834/37.28% | test 19.4198/37.12% | 7.7s
Epoch   2/200 | lr 0.0401 | train 16.1291/55.37% | val 16.3289/54.18% | test 16.3038/54.45% | 7.7s
Epoch   3/200 | lr 0.0601 | train 15.5121/62.62% | val 15.0476/64.64% | test 15.0772/64.25% | 7.8s
Epoch   4/200 | lr 0.0801 | train 14.9829/68.38% | val 14.2234/71.68% | test 14.2249/72.35% | 7.7s
Epoch   5/200 | lr 0.1000 | train 14.6986/71.65% | val 14.0508/75.02% | test 14.0753/74.09% | 7.8s
Epoch   6/200 | lr 0.1000 | train 14.4825/73.96% | val 14.1304/74.14% | test 14.1078/74.47% | 7.7s
Epoch   7/200 | lr 0.1000 | train 14.3147/75.71% | val 14.6356/70.08% | test 14.6057/70.24% | 7.6s
Epoch   8/200 | lr 0.0999 | train 14.1978/77.07% | val 13.6278/78.68% | test 13.5993/78.60% | 7.7s
Epoch   9/200 | lr 0.0999 | train 14.1399/77.69% | val 13.2291/82.30% | test 13.2750/81.48% | 7.8s
Epoch  10/200 | lr 0.0998 | train 14.0436/78.48% | val 13.3550/81.14% | test 13.4061/80.97% | 7.7s
Epoch  11/200 | lr 0.0998 | train 13.9798/79.50% | val 13.4700/80.00% | test 13.4508/80.36% | 7.7s
Epoch  12/200 | lr 0.0997 | train 13.9576/79.32% | val 13.3641/80.82% | test 13.3417/81.21% | 7.7s
Epoch  13/200 | lr 0.0996 | train 13.9083/79.92% | val 13.3515/80.84% | test 13.3799/80.97% | 7.7s
Epoch  14/200 | lr 0.0995 | train 13.8616/80.52% | val 14.5203/71.60% | test 14.5047/70.65% | 7.7s
Epoch  15/200 | lr 0.0994 | train 13.8919/80.31% | val 13.0862/83.40% | test 13.0855/83.47% | 7.8s
Epoch  16/200 | lr 0.0992 | train 13.8300/80.99% | val 13.3787/80.88% | test 13.3557/81.31% | 7.7s
Epoch  17/200 | lr 0.0991 | train 13.8049/81.21% | val 13.4515/81.10% | test 13.5040/80.68% | 7.7s
Epoch  18/200 | lr 0.0989 | train 13.8063/81.13% | val 13.2300/82.72% | test 13.2128/82.49% | 7.7s
Epoch  19/200 | lr 0.0987 | train 13.7576/81.67% | val 13.3773/80.90% | test 13.4064/80.74% | 7.7s
Epoch  20/200 | lr 0.0985 | train 13.7483/81.81% | val 13.5983/79.94% | test 13.5307/80.61% | 7.7s
Epoch  21/200 | lr 0.0983 | train 13.7332/81.84% | val 13.0238/84.86% | test 13.0433/84.22% | 7.8s
Epoch  22/200 | lr 0.0981 | train 13.7311/81.90% | val 13.3748/80.82% | test 13.3159/81.70% | 7.7s
Epoch  23/200 | lr 0.0979 | train 13.7100/82.07% | val 13.5430/80.42% | test 13.5327/80.46% | 7.7s
Epoch  24/200 | lr 0.0977 | train 13.7200/81.91% | val 13.1769/83.00% | test 13.1859/82.81% | 7.6s
Epoch  25/200 | lr 0.0974 | train 13.6793/82.65% | val 12.8427/85.84% | test 12.8449/85.92% | 7.8s
Epoch  26/200 | lr 0.0972 | train 13.6953/82.42% | val 12.9288/85.66% | test 13.0402/84.00% | 7.7s
Epoch  27/200 | lr 0.0969 | train 13.6598/82.82% | val 13.0275/84.82% | test 13.0835/84.06% | 7.7s
Epoch  28/200 | lr 0.0966 | train 13.6494/82.84% | val 13.1597/82.96% | test 13.2079/82.41% | 7.7s
Epoch  29/200 | lr 0.0963 | train 13.6328/82.94% | val 13.2422/82.54% | test 13.2329/82.73% | 7.7s
Epoch  30/200 | lr 0.0960 | train 13.6200/83.18% | val 13.2758/82.40% | test 13.3450/81.99% | 7.7s
Epoch  31/200 | lr 0.0957 | train 13.6277/83.09% | val 13.0075/84.58% | test 13.0686/84.14% | 7.7s
Epoch  32/200 | lr 0.0953 | train 13.6150/83.08% | val 13.2976/82.42% | test 13.3651/81.88% | 7.7s
Epoch  33/200 | lr 0.0950 | train 13.5948/83.21% | val 12.9832/85.22% | test 13.0628/84.03% | 7.7s
Epoch  34/200 | lr 0.0946 | train 13.5916/83.31% | val 12.9651/84.50% | test 12.9588/84.62% | 7.7s
Epoch  35/200 | lr 0.0943 | train 13.5858/83.36% | val 13.1685/83.68% | test 13.1687/83.04% | 7.7s
Epoch  36/200 | lr 0.0939 | train 13.5857/83.42% | val 13.0706/84.12% | test 13.0935/83.83% | 7.7s
Epoch  37/200 | lr 0.0935 | train 13.5666/83.58% | val 13.1435/82.82% | test 13.0992/83.28% | 7.7s
Epoch  38/200 | lr 0.0931 | train 13.5675/83.90% | val 13.4580/80.98% | test 13.4381/80.77% | 7.6s
Epoch  39/200 | lr 0.0927 | train 13.5718/83.56% | val 12.8332/86.38% | test 12.8795/85.62% | 7.8s
Epoch  40/200 | lr 0.0923 | train 13.5328/84.09% | val 13.0447/84.94% | test 13.0969/84.14% | 7.7s
Epoch  41/200 | lr 0.0918 | train 13.5342/83.75% | val 12.8644/86.04% | test 12.8746/85.90% | 7.6s
Epoch  42/200 | lr 0.0914 | train 13.5349/84.17% | val 12.8478/86.08% | test 12.9180/85.36% | 7.7s
Epoch  43/200 | lr 0.0909 | train 13.5301/84.09% | val 12.8187/86.34% | test 12.8649/85.76% | 7.7s
Epoch  44/200 | lr 0.0905 | train 13.5250/84.13% | val 13.1388/83.96% | test 13.1705/83.73% | 7.6s
Epoch  45/200 | lr 0.0900 | train 13.5234/84.06% | val 13.0189/85.06% | test 13.0822/84.45% | 7.7s
Epoch  46/200 | lr 0.0895 | train 13.5016/84.39% | val 12.7313/87.00% | test 12.7475/86.29% | 7.7s
Epoch  47/200 | lr 0.0890 | train 13.5007/84.33% | val 12.7019/87.22% | test 12.7047/87.13% | 7.8s
Epoch  48/200 | lr 0.0885 | train 13.5116/84.20% | val 12.7946/86.26% | test 12.8085/86.42% | 7.7s
Epoch  49/200 | lr 0.0880 | train 13.4772/84.68% | val 12.7282/86.64% | test 12.7566/86.93% | 7.7s
Epoch  50/200 | lr 0.0874 | train 13.4783/84.51% | val 13.0347/84.52% | test 13.1101/83.21% | 7.7s
Epoch  51/200 | lr 0.0869 | train 13.4811/84.60% | val 12.9696/85.38% | test 12.9966/84.96% | 7.7s
Epoch  52/200 | lr 0.0863 | train 13.4985/84.29% | val 12.8367/85.96% | test 12.8839/85.63% | 7.7s
Epoch  53/200 | lr 0.0858 | train 13.4823/84.59% | val 12.6991/87.62% | test 12.7460/87.09% | 7.8s
Epoch  54/200 | lr 0.0852 | train 13.4504/84.91% | val 13.3950/81.36% | test 13.4189/80.82% | 7.7s
Epoch  55/200 | lr 0.0846 | train 13.4546/84.83% | val 13.0227/85.24% | test 13.0624/84.68% | 7.7s
Epoch  56/200 | lr 0.0841 | train 13.4529/84.90% | val 12.7893/86.56% | test 12.8017/86.43% | 7.7s
Epoch  57/200 | lr 0.0835 | train 13.4531/85.01% | val 13.0666/84.88% | test 13.0451/84.70% | 7.7s
Epoch  58/200 | lr 0.0829 | train 13.4322/85.38% | val 13.1496/82.94% | test 13.1810/83.36% | 7.7s
Epoch  59/200 | lr 0.0822 | train 13.4519/84.80% | val 13.0675/84.24% | test 13.0909/83.83% | 7.7s
Epoch  60/200 | lr 0.0816 | train 13.4157/85.28% | val 12.7417/86.16% | test 12.7734/86.33% | 7.6s
Epoch  61/200 | lr 0.0810 | train 13.4255/85.10% | val 12.7192/87.46% | test 12.7489/86.89% | 7.7s
Epoch  62/200 | lr 0.0804 | train 13.4263/85.09% | val 12.9018/85.58% | test 12.9879/84.77% | 7.7s
Epoch  63/200 | lr 0.0797 | train 13.3926/85.63% | val 13.3304/81.50% | test 13.3391/81.28% | 7.7s
Epoch  64/200 | lr 0.0791 | train 13.4075/85.38% | val 13.2325/82.58% | test 13.2628/81.83% | 7.7s
Epoch  65/200 | lr 0.0784 | train 13.4044/85.44% | val 12.9736/85.28% | test 13.0481/84.50% | 7.7s
Epoch  66/200 | lr 0.0777 | train 13.4067/85.24% | val 12.6468/87.64% | test 12.6818/86.91% | 7.8s
Epoch  67/200 | lr 0.0771 | train 13.3862/85.53% | val 12.6977/87.36% | test 12.7461/86.56% | 7.7s
Epoch  68/200 | lr 0.0764 | train 13.3707/85.70% | val 12.6793/87.58% | test 12.7014/87.54% | 7.7s
Epoch  69/200 | lr 0.0757 | train 13.3657/85.84% | val 12.7941/86.68% | test 12.8446/86.16% | 7.7s
Epoch  70/200 | lr 0.0750 | train 13.3344/86.14% | val 12.5734/88.34% | test 12.6489/87.63% | 7.8s
Epoch  71/200 | lr 0.0743 | train 13.3537/85.81% | val 12.6887/87.86% | test 12.7093/87.63% | 7.7s
Epoch  72/200 | lr 0.0736 | train 13.3634/86.01% | val 12.7201/87.16% | test 12.7553/86.52% | 7.7s
Epoch  73/200 | lr 0.0729 | train 13.3505/86.01% | val 12.5669/88.74% | test 12.6202/88.25% | 7.8s
Epoch  74/200 | lr 0.0722 | train 13.3440/86.08% | val 12.8149/86.52% | test 12.8625/85.50% | 7.7s
Epoch  75/200 | lr 0.0714 | train 13.3239/86.25% | val 12.9471/85.22% | test 13.0188/84.67% | 7.7s
Epoch  76/200 | lr 0.0707 | train 13.3325/86.19% | val 12.5625/89.02% | test 12.5826/88.42% | 7.8s
Epoch  77/200 | lr 0.0700 | train 13.3138/86.13% | val 12.8178/86.78% | test 12.8182/86.59% | 7.7s
Epoch  78/200 | lr 0.0692 | train 13.3102/86.56% | val 12.8599/85.88% | test 12.9002/86.11% | 7.7s
Epoch  79/200 | lr 0.0685 | train 13.2927/86.68% | val 12.8165/86.64% | test 12.9185/85.39% | 7.7s
Epoch  80/200 | lr 0.0677 | train 13.2938/86.59% | val 12.6924/88.20% | test 12.7125/87.44% | 7.7s
Epoch  81/200 | lr 0.0670 | train 13.2928/86.43% | val 12.5255/89.02% | test 12.5800/88.44% | 7.7s
Epoch  82/200 | lr 0.0662 | train 13.2716/86.73% | val 12.8910/86.04% | test 12.9466/85.50% | 7.7s
Epoch  83/200 | lr 0.0655 | train 13.2714/87.00% | val 12.5381/89.12% | test 12.6305/88.24% | 7.8s
Epoch  84/200 | lr 0.0647 | train 13.2584/87.02% | val 12.5139/89.32% | test 12.5893/88.39% | 7.8s
Epoch  85/200 | lr 0.0639 | train 13.2516/86.94% | val 12.6025/88.12% | test 12.6136/88.14% | 7.7s
Epoch  86/200 | lr 0.0631 | train 13.2474/87.11% | val 12.5295/89.28% | test 12.6000/88.35% | 7.7s
Epoch  87/200 | lr 0.0624 | train 13.2172/87.22% | val 12.6075/88.60% | test 12.6813/87.04% | 7.7s
Epoch  88/200 | lr 0.0616 | train 13.2308/87.36% | val 12.4895/89.76% | test 12.5643/88.84% | 7.8s
Epoch  89/200 | lr 0.0608 | train 13.2151/87.29% | val 12.6263/88.38% | test 12.6862/87.28% | 7.7s
Epoch  90/200 | lr 0.0600 | train 13.2143/87.48% | val 12.5903/88.24% | test 12.6706/87.54% | 7.6s
Epoch  91/200 | lr 0.0592 | train 13.1851/87.67% | val 12.6546/88.10% | test 12.6984/87.19% | 7.7s
Epoch  92/200 | lr 0.0584 | train 13.1835/87.84% | val 12.5989/88.92% | test 12.6833/88.00% | 7.7s
Epoch  93/200 | lr 0.0576 | train 13.1722/87.84% | val 12.7027/87.28% | test 12.7115/87.51% | 7.6s
Epoch  94/200 | lr 0.0568 | train 13.1758/87.69% | val 12.3845/90.32% | test 12.4145/90.20% | 7.8s
Epoch  95/200 | lr 0.0560 | train 13.1601/87.99% | val 12.7409/87.42% | test 12.7572/87.40% | 7.7s
Epoch  96/200 | lr 0.0552 | train 13.1575/88.00% | val 12.3594/90.56% | test 12.4098/90.09% | 7.8s
Epoch  97/200 | lr 0.0544 | train 13.1436/88.19% | val 12.7376/87.56% | test 12.7683/87.49% | 7.7s
Epoch  98/200 | lr 0.0536 | train 13.1565/88.19% | val 12.4988/89.16% | test 12.5345/88.63% | 7.7s
Epoch  99/200 | lr 0.0528 | train 13.1535/88.09% | val 12.4593/89.48% | test 12.4785/89.14% | 7.7s
Epoch 100/200 | lr 0.0520 | train 13.1271/88.32% | val 12.5259/89.10% | test 12.6079/88.16% | 7.6s
Epoch 101/200 | lr 0.0512 | train 13.1323/88.23% | val 12.4972/89.66% | test 12.5453/88.84% | 7.7s
Epoch 102/200 | lr 0.0504 | train 13.1006/88.68% | val 12.3054/91.14% | test 12.3690/90.39% | 7.8s
Epoch 103/200 | lr 0.0496 | train 13.0997/88.60% | val 12.4767/89.70% | test 12.5230/89.25% | 7.7s
Epoch 104/200 | lr 0.0488 | train 13.0905/88.92% | val 12.5854/88.44% | test 12.5992/88.77% | 7.7s
Epoch 105/200 | lr 0.0480 | train 13.0626/89.09% | val 12.5544/88.90% | test 12.5758/88.70% | 7.7s
Epoch 106/200 | lr 0.0472 | train 13.0844/88.82% | val 12.4456/90.26% | test 12.4917/89.35% | 7.7s
Epoch 107/200 | lr 0.0464 | train 13.0640/88.91% | val 12.4738/89.66% | test 12.5284/89.22% | 7.7s
Epoch 108/200 | lr 0.0456 | train 13.0531/89.19% | val 12.4642/89.60% | test 12.5194/89.54% | 7.7s
Epoch 109/200 | lr 0.0448 | train 13.0294/89.41% | val 12.3571/90.82% | test 12.4146/89.88% | 7.7s
Epoch 110/200 | lr 0.0440 | train 13.0157/89.45% | val 12.2340/91.68% | test 12.2970/91.05% | 7.8s
Epoch 111/200 | lr 0.0432 | train 13.0273/89.40% | val 12.6742/88.70% | test 12.6845/88.23% | 7.7s
Epoch 112/200 | lr 0.0424 | train 12.9852/89.89% | val 12.3811/90.42% | test 12.4448/89.63% | 7.7s
Epoch 113/200 | lr 0.0416 | train 13.0029/89.59% | val 12.4387/90.40% | test 12.4972/89.25% | 7.7s
Epoch 114/200 | lr 0.0408 | train 12.9915/89.82% | val 12.3389/91.08% | test 12.3769/90.49% | 7.7s
Epoch 115/200 | lr 0.0400 | train 12.9740/90.07% | val 12.4202/90.34% | test 12.4713/89.59% | 7.7s
Epoch 116/200 | lr 0.0392 | train 12.9589/90.22% | val 12.2777/91.68% | test 12.3612/90.68% | 7.7s
Epoch 117/200 | lr 0.0384 | train 12.9590/90.21% | val 12.2864/91.42% | test 12.3433/90.76% | 7.7s
Epoch 118/200 | lr 0.0376 | train 12.9382/90.47% | val 12.2627/91.86% | test 12.3172/91.25% | 7.8s
Epoch 119/200 | lr 0.0369 | train 12.9383/90.47% | val 12.7778/86.60% | test 12.8624/86.23% | 7.7s
Epoch 120/200 | lr 0.0361 | train 12.9472/90.24% | val 12.3994/90.26% | test 12.4678/89.80% | 7.7s
Epoch 121/200 | lr 0.0353 | train 12.9234/90.57% | val 12.4263/89.92% | test 12.4757/89.72% | 7.6s
Epoch 122/200 | lr 0.0345 | train 12.9219/90.67% | val 12.4656/89.50% | test 12.5061/89.17% | 7.7s
Epoch 123/200 | lr 0.0338 | train 12.9029/90.72% | val 12.3044/91.32% | test 12.3701/90.45% | 7.7s
Epoch 124/200 | lr 0.0330 | train 12.9030/90.91% | val 12.3218/91.24% | test 12.3722/90.91% | 7.7s
Epoch 125/200 | lr 0.0323 | train 12.8771/91.14% | val 12.4008/90.40% | test 12.4353/90.00% | 7.7s
Epoch 126/200 | lr 0.0315 | train 12.8454/91.45% | val 12.2652/91.72% | test 12.2868/91.44% | 7.7s
Epoch 127/200 | lr 0.0308 | train 12.8763/91.20% | val 12.2600/91.64% | test 12.3459/90.69% | 7.7s
Epoch 128/200 | lr 0.0300 | train 12.8437/91.64% | val 12.3101/91.20% | test 12.3419/91.04% | 7.7s
Epoch 129/200 | lr 0.0293 | train 12.8464/91.52% | val 12.5230/89.38% | test 12.4944/89.32% | 7.7s
Epoch 130/200 | lr 0.0286 | train 12.8282/91.68% | val 12.2329/91.66% | test 12.2912/91.47% | 7.7s
Epoch 131/200 | lr 0.0278 | train 12.8123/91.86% | val 12.1855/92.80% | test 12.2563/91.79% | 7.8s
Epoch 132/200 | lr 0.0271 | train 12.7966/92.09% | val 12.1160/92.98% | test 12.1545/92.62% | 7.8s
Epoch 133/200 | lr 0.0264 | train 12.7847/92.06% | val 12.2325/91.90% | test 12.2728/92.04% | 7.7s
Epoch 134/200 | lr 0.0257 | train 12.7820/92.35% | val 12.2724/91.68% | test 12.3194/91.25% | 7.7s
Epoch 135/200 | lr 0.0250 | train 12.7513/92.45% | val 12.1810/93.04% | test 12.2271/91.99% | 7.8s
Epoch 136/200 | lr 0.0243 | train 12.7525/92.41% | val 12.1359/92.72% | test 12.2248/91.70% | 7.7s
Epoch 137/200 | lr 0.0236 | train 12.7352/92.76% | val 12.0809/93.20% | test 12.1723/92.35% | 7.7s
Epoch 138/200 | lr 0.0229 | train 12.7356/92.66% | val 12.2988/91.42% | test 12.3221/91.18% | 7.7s
Epoch 139/200 | lr 0.0223 | train 12.7316/92.87% | val 12.0540/94.00% | test 12.1279/92.81% | 7.8s
Epoch 140/200 | lr 0.0216 | train 12.6970/93.11% | val 12.1829/92.72% | test 12.2379/91.82% | 7.7s
Epoch 141/200 | lr 0.0209 | train 12.7087/93.00% | val 12.1062/93.42% | test 12.1530/92.92% | 7.7s
Epoch 142/200 | lr 0.0203 | train 12.6806/93.36% | val 12.0634/93.74% | test 12.1051/93.27% | 7.7s
Epoch 143/200 | lr 0.0196 | train 12.6565/93.68% | val 12.1219/93.22% | test 12.1905/92.39% | 7.7s
Epoch 144/200 | lr 0.0190 | train 12.6535/93.88% | val 12.1558/92.60% | test 12.2138/92.35% | 7.7s
Epoch 145/200 | lr 0.0184 | train 12.6464/93.80% | val 12.0562/93.44% | test 12.1043/93.00% | 7.7s
Epoch 146/200 | lr 0.0178 | train 12.6208/94.22% | val 12.0929/93.34% | test 12.1478/92.92% | 7.7s
Epoch 147/200 | lr 0.0171 | train 12.6097/94.10% | val 12.1248/93.12% | test 12.1815/92.31% | 7.7s
Epoch 148/200 | lr 0.0165 | train 12.6008/94.28% | val 12.0298/93.78% | test 12.0814/93.63% | 7.6s
Epoch 149/200 | lr 0.0159 | train 12.5935/94.34% | val 11.9866/94.32% | test 12.0256/94.05% | 7.8s
Epoch 150/200 | lr 0.0154 | train 12.5850/94.52% | val 12.0606/93.84% | test 12.0748/93.69% | 7.7s
Epoch 151/200 | lr 0.0148 | train 12.5590/94.82% | val 12.0496/94.00% | test 12.0823/93.82% | 7.7s
Epoch 152/200 | lr 0.0142 | train 12.5684/94.82% | val 12.0347/93.74% | test 12.0974/93.41% | 7.7s
Epoch 153/200 | lr 0.0137 | train 12.5493/94.94% | val 11.9774/94.68% | test 12.0277/94.33% | 7.8s
Epoch 154/200 | lr 0.0131 | train 12.5366/95.13% | val 12.0205/94.40% | test 12.0527/93.91% | 7.7s
Epoch 155/200 | lr 0.0126 | train 12.5223/95.31% | val 11.9641/94.98% | test 12.0167/94.18% | 7.8s
Epoch 156/200 | lr 0.0120 | train 12.5122/95.59% | val 11.9869/94.40% | test 12.0441/93.85% | 7.7s
Epoch 157/200 | lr 0.0115 | train 12.4830/95.69% | val 12.0216/94.24% | test 12.0670/93.70% | 7.7s
Epoch 158/200 | lr 0.0110 | train 12.4778/95.92% | val 11.9603/94.68% | test 11.9999/94.03% | 7.7s
Epoch 159/200 | lr 0.0105 | train 12.4720/96.00% | val 11.9441/94.88% | test 11.9680/94.61% | 7.7s
Epoch 160/200 | lr 0.0100 | train 12.4711/96.11% | val 11.9594/94.64% | test 12.0025/94.35% | 7.7s
Epoch 161/200 | lr 0.0095 | train 12.4687/96.07% | val 11.9280/94.98% | test 11.9650/94.59% | 7.7s
Epoch 162/200 | lr 0.0091 | train 12.4216/96.54% | val 11.9507/94.50% | test 11.9829/94.72% | 7.7s
Epoch 163/200 | lr 0.0086 | train 12.4392/96.36% | val 11.9050/95.58% | test 11.9419/94.93% | 7.8s
Epoch 164/200 | lr 0.0082 | train 12.4255/96.61% | val 11.8815/95.40% | test 11.9322/95.01% | 7.6s
Epoch 165/200 | lr 0.0077 | train 12.4068/96.89% | val 11.9155/95.28% | test 11.9501/94.96% | 7.7s
Epoch 166/200 | lr 0.0073 | train 12.3869/96.95% | val 11.9045/95.38% | test 11.9504/94.84% | 7.7s
Epoch 167/200 | lr 0.0069 | train 12.3907/97.09% | val 11.8601/95.76% | test 11.9370/95.05% | 7.8s
Epoch 168/200 | lr 0.0065 | train 12.3696/97.31% | val 11.8522/96.02% | test 11.9024/95.32% | 7.8s
Epoch 169/200 | lr 0.0061 | train 12.3698/97.30% | val 11.8949/95.70% | test 11.9351/95.02% | 7.7s
Epoch 170/200 | lr 0.0057 | train 12.3562/97.48% | val 11.8398/96.22% | test 11.8844/95.71% | 7.8s
Epoch 171/200 | lr 0.0054 | train 12.3567/97.53% | val 11.8387/95.84% | test 11.8845/95.57% | 7.7s
Epoch 172/200 | lr 0.0050 | train 12.3517/97.62% | val 11.8417/96.06% | test 11.8799/95.49% | 7.6s
Epoch 173/200 | lr 0.0047 | train 12.3426/97.81% | val 11.8425/96.02% | test 11.8817/95.51% | 7.6s
Epoch 174/200 | lr 0.0043 | train 12.3336/97.82% | val 11.8419/96.06% | test 11.8773/95.39% | 7.7s
Epoch 175/200 | lr 0.0040 | train 12.3313/97.89% | val 11.8327/95.96% | test 11.8724/95.69% | 7.7s
Epoch 176/200 | lr 0.0037 | train 12.3210/97.92% | val 11.8263/96.32% | test 11.8643/95.49% | 7.8s
Epoch 177/200 | lr 0.0034 | train 12.3172/98.04% | val 11.8245/96.10% | test 11.8562/95.73% | 7.7s
Epoch 178/200 | lr 0.0031 | train 12.3090/98.18% | val 11.8255/96.16% | test 11.8562/95.84% | 7.6s
Epoch 179/200 | lr 0.0028 | train 12.3050/98.25% | val 11.8090/96.36% | test 11.8463/95.99% | 7.7s
Epoch 180/200 | lr 0.0026 | train 12.3038/98.23% | val 11.8202/96.06% | test 11.8409/96.17% | 7.7s
Epoch 181/200 | lr 0.0023 | train 12.3000/98.26% | val 11.8079/96.02% | test 11.8395/96.09% | 7.7s
Epoch 182/200 | lr 0.0021 | train 12.2891/98.32% | val 11.8139/96.24% | test 11.8411/96.14% | 7.6s
Epoch 183/200 | lr 0.0019 | train 12.2832/98.47% | val 11.8028/96.42% | test 11.8339/96.05% | 7.7s
Epoch 184/200 | lr 0.0017 | train 12.2911/98.42% | val 11.8003/96.34% | test 11.8284/96.10% | 7.7s
Epoch 185/200 | lr 0.0015 | train 12.2711/98.52% | val 11.7952/96.32% | test 11.8236/96.24% | 7.7s
Epoch 186/200 | lr 0.0013 | train 12.2797/98.48% | val 11.7859/96.38% | test 11.8165/96.32% | 7.7s
Epoch 187/200 | lr 0.0011 | train 12.2791/98.54% | val 11.7877/96.40% | test 11.8191/96.36% | 7.7s
Epoch 188/200 | lr 0.0009 | train 12.2789/98.56% | val 11.7870/96.42% | test 11.8181/96.23% | 7.7s
Epoch 189/200 | lr 0.0008 | train 12.2753/98.66% | val 11.7839/96.40% | test 11.8156/96.29% | 7.7s
Epoch 190/200 | lr 0.0006 | train 12.2671/98.58% | val 11.7850/96.34% | test 11.8160/96.26% | 7.7s
Epoch 191/200 | lr 0.0005 | train 12.2899/98.67% | val 11.7848/96.32% | test 11.8159/96.20% | 7.7s
Epoch 192/200 | lr 0.0004 | train 12.2714/98.70% | val 11.7860/96.32% | test 11.8170/96.06% | 7.7s
Epoch 193/200 | lr 0.0003 | train 12.2635/98.72% | val 11.7831/96.40% | test 11.8119/96.19% | 7.7s
Epoch 194/200 | lr 0.0002 | train 12.2818/98.72% | val 11.7820/96.34% | test 11.8127/96.14% | 7.7s
Epoch 195/200 | lr 0.0002 | train 12.2652/98.74% | val 11.7817/96.46% | test 11.8127/96.13% | 7.7s
Epoch 196/200 | lr 0.0001 | train 12.2568/98.80% | val 11.7813/96.34% | test 11.8123/96.11% | 7.7s
Epoch 197/200 | lr 0.0001 | train 12.2563/98.71% | val 11.7809/96.48% | test 11.8135/96.15% | 7.7s
Epoch 198/200 | lr 0.0000 | train 12.2709/98.61% | val 11.7797/96.40% | test 11.8108/96.13% | 7.7s
Epoch 199/200 | lr 0.0000 | train 12.2613/98.84% | val 11.7803/96.38% | test 11.8105/96.20% | 7.7s
Epoch 200/200 | lr 0.0000 | train 12.2685/98.61% | val 11.7801/96.42% | test 11.8104/96.22% | 7.7s

BASELINE4 Training Complete in 0.43 hours. Best Val Acc: 96.48% (Saved: baseline4_temp4_best.pth)
Saved training curves to 'baseline4_temp4_curves.png'.
Saved weight histograms to 'baseline4_temp4_histograms.png'.

Final Best Checkpoint Test Accuracy: 96.15% (Loss: 11.8135)

Per-layer weight shape, unique quantized weights, and ternary sparsity:
  layer1.0.conv1                 | shape: (64, 64, 3, 3)     | unique:  8 | zero= 74.2% +alpha= 11.2% -alpha= 14.6%
  layer1.0.conv2                 | shape: (64, 64, 3, 3)     | unique:  7 | zero= 53.6% +alpha= 21.6% -alpha= 24.8%
  layer1.1.conv1                 | shape: (64, 64, 3, 3)     | unique:  8 | zero= 54.9% +alpha= 19.7% -alpha= 25.5%
  layer1.1.conv2                 | shape: (64, 64, 3, 3)     | unique:  6 | zero= 56.5% +alpha= 17.8% -alpha= 25.7%
  layer2.0.conv1                 | shape: (128, 64, 3, 3)    | unique:  7 | zero= 49.1% +alpha= 22.0% -alpha= 29.0%
  layer2.0.conv2                 | shape: (128, 128, 3, 3)   | unique:  7 | zero= 48.1% +alpha= 22.2% -alpha= 29.6%
  layer2.0.shortcut.0            | shape: (128, 64, 1, 1)    | unique:  8 | zero= 54.8% +alpha= 18.8% -alpha= 26.4%
  layer2.1.conv1                 | shape: (128, 128, 3, 3)   | unique:  3 | zero= 50.6% +alpha= 21.7% -alpha= 27.7%
  layer2.1.conv2                 | shape: (128, 128, 3, 3)   | unique:  8 | zero= 52.2% +alpha= 19.2% -alpha= 28.6%
  layer3.0.conv1                 | shape: (256, 128, 3, 3)   | unique:  5 | zero= 47.6% +alpha= 22.2% -alpha= 30.2%
  layer3.0.conv2                 | shape: (256, 256, 3, 3)   | unique:  7 | zero= 47.6% +alpha= 23.6% -alpha= 28.8%
  layer3.0.shortcut.0            | shape: (256, 128, 1, 1)   | unique:  8 | zero= 50.2% +alpha= 20.3% -alpha= 29.5%
  layer3.1.conv1                 | shape: (256, 256, 3, 3)   | unique:  8 | zero= 49.2% +alpha= 21.5% -alpha= 29.3%
  layer3.1.conv2                 | shape: (256, 256, 3, 3)   | unique:  7 | zero= 53.9% +alpha= 17.7% -alpha= 28.5%
  layer4.0.conv1                 | shape: (512, 256, 3, 3)   | unique:  7 | zero= 47.6% +alpha= 23.2% -alpha= 29.2%
  layer4.0.conv2                 | shape: (512, 512, 3, 3)   | unique:  9 | zero= 50.9% +alpha= 21.3% -alpha= 27.8%
  layer4.0.shortcut.0            | shape: (512, 256, 1, 1)   | unique:  9 | zero= 51.4% +alpha= 20.7% -alpha= 27.9%
  layer4.1.conv1                 | shape: (512, 512, 3, 3)   | unique: 10 | zero= 53.1% +alpha= 17.4% -alpha= 29.5%
  layer4.1.conv2                 | shape: (512, 512, 3, 3)   | unique: 13 | zero= 55.3% +alpha= 15.3% -alpha= 29.4%

Running Quantization Behavioral Verification Check...
Mean |logit difference| between quantized and raw-latent forward: 250.4203
Prediction agreement between the two passes: 9.38%
Quantization is genuinely constraining the model computation.

===========================================================================
MODEL SIZE & BIT-LEVEL COMPRESSION MATHEMATICS (baseline4_temp4)
===========================================================================
1. Parameter Count Breakdown:
   - Total Parameters:                       11,173,962
   - Ternary (2-bit packed) Parameters:      11,157,504 ( 99.85%)
   - FP32 Unquantized Parameters:                16,458 (  0.15%)
   - Layerwise Alpha Scaling Factors:                19 (FP32 scalars)

2. Exact Bitstream Storage Calculation:
   - Ternary Weight Bits : 11,157,504 params x  2 bits =   22,315,008 bits
   - FP32 Parameter Bits :     16,458 params x 32 bits =      526,656 bits
   - Alpha Scaling Bits  :         19 layers x 32 bits =          608 bits
   -------------------------------------------------------------------
   - Total Compressed Bits:                          =   22,842,272 bits
   - Compressed Size: 22,842,272 / (8 x 1024^2)    =         2.72 MB

3. Baseline Comparison & Compression Summary:
   - Full FP32 Baseline Memory Footprint:                   42.63 MB
   - Theoretical 2-Bit Footprint (Deployment):               2.72 MB
   - Mathematical Compression Ratio:                        15.65x
   - Training Checkpoint on Disk (FP32 state_dict):         42.70 MB
===========================================================================


================================================================================
CONSOLIDATED EXPERIMENT RESULTS SUMMARY
================================================================================
Experiment Mode      | Best Val Acc (%)   | Test Acc (%)    | Test Loss    | Saved Checkpoint         
--------------------------------------------------------------------------------
BASELINE1            | 95.94              | 95.65           | 0.1565       | baseline1_best.pth       
BASELINE2            | 96.54              | 96.01           | 11.8391      | baseline2_temp4_best.pth 
BASELINE3            | 82.66              | 82.01           | 13.2550      | baseline3_temp4_best.pth 
BASELINE4            | 96.48              | 96.15           | 11.8135      | baseline4_temp4_best.pth 
================================================================================
