nohup: ignoring input
Dataset summary: Train=45000, Val=5000, Test=10000
Loading existing frozen FP32 teacher from 'teacher_best.pth'...
Teacher successfully loaded.

===========================================================================
RUNNING EXPERIMENT: BASELINE1
Configuration: Temp=4.0, KD Lambda=0.5, LabelSmoothing=0.0, QuantizeFirstLast=True
===========================================================================
Epoch   1/200 | lr 0.0201 | train 1.6880/37.44% | val 1.3319/51.96% | test 1.3369/52.01% | 5.4s
Epoch   2/200 | lr 0.0401 | train 1.2863/54.02% | val 1.0187/64.16% | test 1.0188/64.06% | 5.2s
Epoch   3/200 | lr 0.0601 | train 1.0714/62.02% | val 0.8935/69.62% | test 0.9544/68.27% | 5.2s
Epoch   4/200 | lr 0.0801 | train 0.9389/66.80% | val 0.8160/70.56% | test 0.8235/70.82% | 5.2s
Epoch   5/200 | lr 0.1000 | train 0.8619/69.87% | val 1.0463/65.26% | test 1.0502/64.84% | 5.1s
Epoch   6/200 | lr 0.1000 | train 0.7881/72.54% | val 0.8767/70.78% | test 0.9013/70.21% | 5.2s
Epoch   7/200 | lr 0.1000 | train 0.7310/74.49% | val 0.6433/78.12% | test 0.6429/77.82% | 5.2s
Epoch   8/200 | lr 0.0999 | train 0.7001/75.55% | val 0.6780/77.30% | test 0.6793/77.44% | 5.2s
Epoch   9/200 | lr 0.0999 | train 0.6724/76.68% | val 0.6135/78.86% | test 0.6159/78.61% | 5.2s
Epoch  10/200 | lr 0.0998 | train 0.6543/77.53% | val 0.4794/83.50% | test 0.4962/83.10% | 5.2s
Epoch  11/200 | lr 0.0998 | train 0.6436/77.82% | val 0.9690/67.66% | test 0.9716/67.50% | 5.1s
Epoch  12/200 | lr 0.0997 | train 0.6273/78.33% | val 0.5265/81.64% | test 0.5563/81.43% | 5.1s
Epoch  13/200 | lr 0.0996 | train 0.6203/78.40% | val 0.9019/72.96% | test 0.9575/71.03% | 5.1s
Epoch  14/200 | lr 0.0995 | train 0.6105/78.74% | val 0.4883/83.22% | test 0.5145/82.76% | 5.1s
Epoch  15/200 | lr 0.0994 | train 0.5986/79.23% | val 0.5572/80.80% | test 0.5717/80.41% | 5.0s
Epoch  16/200 | lr 0.0992 | train 0.6005/79.11% | val 0.6365/77.86% | test 0.6465/77.63% | 5.0s
Epoch  17/200 | lr 0.0991 | train 0.5942/79.42% | val 0.8430/72.80% | test 0.8885/72.18% | 5.1s
Epoch  18/200 | lr 0.0989 | train 0.5864/79.74% | val 0.5067/82.38% | test 0.5166/83.24% | 5.0s
Epoch  19/200 | lr 0.0987 | train 0.5827/79.79% | val 0.5348/82.10% | test 0.5346/82.18% | 5.0s
Epoch  20/200 | lr 0.0985 | train 0.5740/80.16% | val 0.5477/81.34% | test 0.5463/81.21% | 5.1s
Epoch  21/200 | lr 0.0983 | train 0.5712/80.08% | val 0.5352/81.62% | test 0.5471/81.03% | 5.1s
Epoch  22/200 | lr 0.0981 | train 0.5661/80.64% | val 0.5971/79.58% | test 0.6014/79.94% | 5.0s
Epoch  23/200 | lr 0.0979 | train 0.5630/80.40% | val 0.4503/84.46% | test 0.4573/84.33% | 5.2s
Epoch  24/200 | lr 0.0977 | train 0.5639/80.47% | val 0.5740/80.18% | test 0.5910/79.89% | 5.2s
Epoch  25/200 | lr 0.0974 | train 0.5597/80.61% | val 0.4694/83.86% | test 0.4709/83.70% | 5.0s
Epoch  26/200 | lr 0.0972 | train 0.5444/81.11% | val 0.4676/84.08% | test 0.4827/83.78% | 5.1s
Epoch  27/200 | lr 0.0969 | train 0.5447/80.91% | val 0.6791/77.44% | test 0.6892/77.44% | 5.0s
Epoch  28/200 | lr 0.0966 | train 0.5468/81.25% | val 0.4833/83.18% | test 0.4947/83.14% | 5.1s
Epoch  29/200 | lr 0.0963 | train 0.5436/81.27% | val 0.4856/83.46% | test 0.5064/82.56% | 5.0s
Epoch  30/200 | lr 0.0960 | train 0.5392/81.33% | val 0.4440/84.74% | test 0.4531/84.58% | 5.2s
Epoch  31/200 | lr 0.0957 | train 0.5354/81.52% | val 0.4277/85.06% | test 0.4326/85.00% | 5.2s
Epoch  32/200 | lr 0.0953 | train 0.5363/81.53% | val 0.4410/84.98% | test 0.4585/84.43% | 5.1s
Epoch  33/200 | lr 0.0950 | train 0.5351/81.73% | val 0.6182/79.16% | test 0.6369/78.92% | 5.1s
Epoch  34/200 | lr 0.0946 | train 0.5313/81.65% | val 0.7340/75.60% | test 0.7018/76.66% | 5.0s
Epoch  35/200 | lr 0.0943 | train 0.5268/81.89% | val 0.4901/83.06% | test 0.4884/83.31% | 5.1s
Epoch  36/200 | lr 0.0939 | train 0.5208/81.92% | val 0.4708/84.18% | test 0.4702/83.97% | 5.1s
Epoch  37/200 | lr 0.0935 | train 0.5229/81.88% | val 0.4414/85.26% | test 0.4553/84.87% | 5.2s
Epoch  38/200 | lr 0.0931 | train 0.5191/82.00% | val 0.4555/84.38% | test 0.4590/84.43% | 5.1s
Epoch  39/200 | lr 0.0927 | train 0.5192/82.02% | val 0.4845/83.36% | test 0.4881/83.83% | 5.1s
Epoch  40/200 | lr 0.0923 | train 0.5163/82.32% | val 0.5000/82.94% | test 0.5103/82.93% | 5.1s
Epoch  41/200 | lr 0.0918 | train 0.5185/82.23% | val 0.4233/85.52% | test 0.4295/85.29% | 5.3s
Epoch  42/200 | lr 0.0914 | train 0.5078/82.49% | val 0.6437/79.30% | test 0.6079/80.52% | 5.1s
Epoch  43/200 | lr 0.0909 | train 0.5159/82.04% | val 0.5508/81.88% | test 0.5540/81.62% | 5.1s
Epoch  44/200 | lr 0.0905 | train 0.5140/82.19% | val 0.4716/84.60% | test 0.4974/83.52% | 5.1s
Epoch  45/200 | lr 0.0900 | train 0.5052/82.51% | val 0.5238/83.18% | test 0.5419/82.29% | 5.1s
Epoch  46/200 | lr 0.0895 | train 0.5061/82.53% | val 0.6135/79.54% | test 0.6427/78.95% | 5.1s
Epoch  47/200 | lr 0.0890 | train 0.5025/82.77% | val 0.4433/85.20% | test 0.4422/84.88% | 5.1s
Epoch  48/200 | lr 0.0885 | train 0.5020/82.78% | val 0.4981/83.14% | test 0.5084/83.02% | 5.1s
Epoch  49/200 | lr 0.0880 | train 0.5006/82.65% | val 0.5568/81.20% | test 0.5710/81.33% | 5.1s
Epoch  50/200 | lr 0.0874 | train 0.4987/82.69% | val 0.4439/84.88% | test 0.4659/84.47% | 5.1s
Epoch  51/200 | lr 0.0869 | train 0.4991/82.73% | val 0.5069/82.46% | test 0.5262/82.78% | 5.1s
Epoch  52/200 | lr 0.0863 | train 0.4972/83.05% | val 0.5625/81.12% | test 0.5632/81.20% | 5.1s
Epoch  53/200 | lr 0.0858 | train 0.4870/83.27% | val 0.4365/85.44% | test 0.4519/84.78% | 5.1s
Epoch  54/200 | lr 0.0852 | train 0.4942/83.02% | val 0.4302/85.44% | test 0.4250/85.29% | 5.0s
Epoch  55/200 | lr 0.0846 | train 0.4908/83.00% | val 0.4263/85.42% | test 0.4387/85.03% | 5.1s
Epoch  56/200 | lr 0.0841 | train 0.4922/82.81% | val 0.3985/85.92% | test 0.4040/85.69% | 5.2s
Epoch  57/200 | lr 0.0835 | train 0.4840/83.52% | val 0.5314/82.18% | test 0.5406/81.44% | 5.1s
Epoch  58/200 | lr 0.0829 | train 0.4849/83.26% | val 0.4651/83.82% | test 0.4795/84.10% | 5.1s
Epoch  59/200 | lr 0.0822 | train 0.4822/83.38% | val 0.4503/84.36% | test 0.4846/83.83% | 5.1s
Epoch  60/200 | lr 0.0816 | train 0.4817/83.42% | val 0.7445/77.58% | test 0.7537/77.37% | 5.1s
Epoch  61/200 | lr 0.0810 | train 0.4718/83.67% | val 0.4918/83.56% | test 0.4851/84.01% | 5.1s
Epoch  62/200 | lr 0.0804 | train 0.4760/83.64% | val 0.4774/83.18% | test 0.5006/82.56% | 5.1s
Epoch  63/200 | lr 0.0797 | train 0.4794/83.51% | val 0.4358/84.90% | test 0.4640/84.38% | 5.1s
Epoch  64/200 | lr 0.0791 | train 0.4714/83.85% | val 0.4637/84.44% | test 0.4849/83.45% | 5.1s
Epoch  65/200 | lr 0.0784 | train 0.4731/83.78% | val 0.4015/86.18% | test 0.4133/86.11% | 5.1s
Epoch  66/200 | lr 0.0777 | train 0.4672/83.77% | val 0.5177/82.66% | test 0.5344/82.02% | 5.1s
Epoch  67/200 | lr 0.0771 | train 0.4649/83.93% | val 0.7496/77.00% | test 0.7490/76.88% | 5.1s
Epoch  68/200 | lr 0.0764 | train 0.4650/84.11% | val 0.5761/81.74% | test 0.5851/81.18% | 5.1s
Epoch  69/200 | lr 0.0757 | train 0.4606/84.10% | val 0.5739/81.56% | test 0.6128/80.56% | 5.1s
Epoch  70/200 | lr 0.0750 | train 0.4620/84.09% | val 0.4947/84.04% | test 0.5090/83.98% | 5.1s
Epoch  71/200 | lr 0.0743 | train 0.4568/84.35% | val 0.6332/79.76% | test 0.6424/79.98% | 5.0s
Epoch  72/200 | lr 0.0736 | train 0.4553/84.22% | val 0.4860/82.82% | test 0.4833/83.19% | 5.0s
Epoch  73/200 | lr 0.0729 | train 0.4525/84.45% | val 0.5278/82.80% | test 0.5501/82.22% | 5.1s
Epoch  74/200 | lr 0.0722 | train 0.4480/84.49% | val 0.5085/83.86% | test 0.5315/83.06% | 5.0s
Epoch  75/200 | lr 0.0714 | train 0.4450/84.68% | val 0.4508/84.96% | test 0.4671/84.12% | 5.1s
Epoch  76/200 | lr 0.0707 | train 0.4468/84.54% | val 0.3917/86.62% | test 0.4260/85.44% | 5.2s
Epoch  77/200 | lr 0.0700 | train 0.4415/84.82% | val 0.3945/86.26% | test 0.4132/86.26% | 5.1s
Epoch  78/200 | lr 0.0692 | train 0.4414/84.94% | val 0.3771/86.88% | test 0.3949/86.36% | 5.2s
Epoch  79/200 | lr 0.0685 | train 0.4417/84.56% | val 0.4759/83.54% | test 0.4809/83.46% | 5.1s
Epoch  80/200 | lr 0.0677 | train 0.4342/85.06% | val 0.4885/84.00% | test 0.5100/83.17% | 5.0s
Epoch  81/200 | lr 0.0670 | train 0.4367/84.89% | val 0.3592/87.88% | test 0.3837/87.20% | 5.2s
Epoch  82/200 | lr 0.0662 | train 0.4316/85.16% | val 0.3826/86.78% | test 0.4078/86.12% | 5.1s
Epoch  83/200 | lr 0.0655 | train 0.4305/85.13% | val 0.3344/88.66% | test 0.3313/88.82% | 5.3s
Epoch  84/200 | lr 0.0647 | train 0.4287/85.12% | val 0.4414/85.30% | test 0.4628/84.76% | 5.1s
Epoch  85/200 | lr 0.0639 | train 0.4280/85.16% | val 0.3699/87.44% | test 0.3866/86.78% | 5.1s
Epoch  86/200 | lr 0.0631 | train 0.4258/85.30% | val 0.4704/84.00% | test 0.4978/83.68% | 5.1s
Epoch  87/200 | lr 0.0624 | train 0.4203/85.26% | val 0.3807/86.78% | test 0.3840/86.65% | 5.1s
Epoch  88/200 | lr 0.0616 | train 0.4193/85.57% | val 0.3775/87.58% | test 0.3996/86.88% | 5.1s
Epoch  89/200 | lr 0.0608 | train 0.4154/85.70% | val 0.3712/86.90% | test 0.3723/87.31% | 5.0s
Epoch  90/200 | lr 0.0600 | train 0.4169/85.67% | val 0.3198/88.72% | test 0.3260/88.75% | 5.2s
Epoch  91/200 | lr 0.0592 | train 0.4096/85.86% | val 0.3434/88.20% | test 0.3710/87.57% | 5.1s
Epoch  92/200 | lr 0.0584 | train 0.4131/85.64% | val 0.3633/87.96% | test 0.3580/87.44% | 5.1s
Epoch  93/200 | lr 0.0576 | train 0.4028/86.06% | val 0.3239/88.82% | test 0.3513/87.97% | 5.2s
Epoch  94/200 | lr 0.0568 | train 0.3994/86.00% | val 0.4582/84.94% | test 0.4766/84.31% | 5.1s
Epoch  95/200 | lr 0.0560 | train 0.3992/86.33% | val 0.3680/87.54% | test 0.3839/87.05% | 5.1s
Epoch  96/200 | lr 0.0552 | train 0.3957/86.32% | val 0.5015/83.46% | test 0.5263/82.78% | 5.1s
Epoch  97/200 | lr 0.0544 | train 0.3945/86.31% | val 0.3641/87.50% | test 0.3755/87.30% | 5.1s
Epoch  98/200 | lr 0.0536 | train 0.3884/86.55% | val 0.3397/88.14% | test 0.3650/87.84% | 5.0s
Epoch  99/200 | lr 0.0528 | train 0.3912/86.60% | val 0.3704/87.34% | test 0.4037/86.25% | 5.1s
Epoch 100/200 | lr 0.0520 | train 0.3835/86.63% | val 0.3646/87.66% | test 0.3901/86.98% | 5.1s
Epoch 101/200 | lr 0.0512 | train 0.3900/86.46% | val 0.3358/88.96% | test 0.3491/88.42% | 5.2s
Epoch 102/200 | lr 0.0504 | train 0.3853/86.52% | val 0.3427/88.46% | test 0.3399/88.84% | 5.1s
Epoch 103/200 | lr 0.0496 | train 0.3814/86.76% | val 0.3159/89.10% | test 0.3333/88.71% | 5.2s
Epoch 104/200 | lr 0.0488 | train 0.3741/87.02% | val 0.3272/88.42% | test 0.3493/88.33% | 5.1s
Epoch 105/200 | lr 0.0480 | train 0.3774/86.95% | val 0.4036/86.50% | test 0.4151/86.17% | 5.1s
Epoch 106/200 | lr 0.0472 | train 0.3691/87.26% | val 0.3122/89.08% | test 0.3359/88.85% | 5.1s
Epoch 107/200 | lr 0.0464 | train 0.3697/87.35% | val 0.2831/90.02% | test 0.3118/89.96% | 5.3s
Epoch 108/200 | lr 0.0456 | train 0.3638/87.31% | val 0.3164/89.34% | test 0.3364/88.50% | 5.1s
Epoch 109/200 | lr 0.0448 | train 0.3605/87.51% | val 0.3073/89.50% | test 0.3117/89.42% | 5.1s
Epoch 110/200 | lr 0.0440 | train 0.3559/87.69% | val 0.3194/89.20% | test 0.3371/88.58% | 5.1s
Epoch 111/200 | lr 0.0432 | train 0.3554/87.61% | val 0.3634/87.96% | test 0.3837/87.42% | 5.1s
Epoch 112/200 | lr 0.0424 | train 0.3506/87.85% | val 0.2810/90.00% | test 0.2987/89.82% | 5.0s
Epoch 113/200 | lr 0.0416 | train 0.3529/87.88% | val 0.3054/89.50% | test 0.3198/89.01% | 5.1s
Epoch 114/200 | lr 0.0408 | train 0.3408/88.35% | val 0.2922/89.74% | test 0.3166/89.57% | 5.0s
Epoch 115/200 | lr 0.0400 | train 0.3403/88.14% | val 0.2852/90.58% | test 0.3078/89.96% | 5.2s
Epoch 116/200 | lr 0.0392 | train 0.3405/88.33% | val 0.2773/90.48% | test 0.2949/89.99% | 5.1s
Epoch 117/200 | lr 0.0384 | train 0.3358/88.30% | val 0.2665/90.98% | test 0.2896/90.25% | 5.2s
Epoch 118/200 | lr 0.0376 | train 0.3292/88.57% | val 0.2759/90.30% | test 0.2944/90.10% | 5.1s
Epoch 119/200 | lr 0.0369 | train 0.3299/88.53% | val 0.2649/90.86% | test 0.2834/90.44% | 5.1s
Epoch 120/200 | lr 0.0361 | train 0.3258/88.64% | val 0.2883/90.58% | test 0.3081/89.90% | 5.1s
Epoch 121/200 | lr 0.0353 | train 0.3253/88.79% | val 0.3095/89.82% | test 0.3105/89.47% | 5.1s
Epoch 122/200 | lr 0.0345 | train 0.3232/88.92% | val 0.2693/90.78% | test 0.3028/90.10% | 5.1s
Epoch 123/200 | lr 0.0338 | train 0.3178/89.05% | val 0.2900/90.06% | test 0.2940/90.08% | 5.1s
Epoch 124/200 | lr 0.0330 | train 0.3128/89.13% | val 0.2627/90.38% | test 0.2819/90.86% | 5.0s
Epoch 125/200 | lr 0.0323 | train 0.3099/89.14% | val 0.2512/90.98% | test 0.2594/90.96% | 5.1s
Epoch 126/200 | lr 0.0315 | train 0.3010/89.57% | val 0.2963/89.60% | test 0.3231/89.38% | 5.1s
Epoch 127/200 | lr 0.0308 | train 0.3011/89.71% | val 0.2999/89.72% | test 0.3125/89.62% | 5.1s
Epoch 128/200 | lr 0.0300 | train 0.3015/89.52% | val 0.2888/90.30% | test 0.3227/89.59% | 5.1s
Epoch 129/200 | lr 0.0293 | train 0.2970/89.65% | val 0.2688/90.42% | test 0.2991/90.21% | 5.1s
Epoch 130/200 | lr 0.0286 | train 0.2925/89.95% | val 0.2802/90.72% | test 0.2882/90.61% | 5.1s
Epoch 131/200 | lr 0.0278 | train 0.2807/90.26% | val 0.2741/90.50% | test 0.2907/90.38% | 5.0s
Epoch 132/200 | lr 0.0271 | train 0.2832/90.29% | val 0.2396/91.92% | test 0.2614/91.15% | 5.2s
Epoch 133/200 | lr 0.0264 | train 0.2804/90.32% | val 0.2564/91.02% | test 0.2917/89.88% | 5.1s
Epoch 134/200 | lr 0.0257 | train 0.2805/90.39% | val 0.2610/91.14% | test 0.2856/90.57% | 5.1s
Epoch 135/200 | lr 0.0250 | train 0.2682/90.65% | val 0.2939/90.44% | test 0.3215/89.51% | 5.1s
Epoch 136/200 | lr 0.0243 | train 0.2690/90.69% | val 0.2269/92.36% | test 0.2522/91.66% | 5.2s
Epoch 137/200 | lr 0.0236 | train 0.2634/90.87% | val 0.2272/92.22% | test 0.2453/91.96% | 5.1s
Epoch 138/200 | lr 0.0229 | train 0.2549/91.19% | val 0.2422/91.58% | test 0.2693/91.02% | 5.1s
Epoch 139/200 | lr 0.0223 | train 0.2561/91.08% | val 0.2618/91.44% | test 0.2767/91.07% | 5.1s
Epoch 140/200 | lr 0.0216 | train 0.2529/91.27% | val 0.2551/91.62% | test 0.2611/91.15% | 5.1s
Epoch 141/200 | lr 0.0209 | train 0.2500/91.41% | val 0.2189/92.52% | test 0.2377/92.19% | 5.2s
Epoch 142/200 | lr 0.0203 | train 0.2414/91.73% | val 0.2534/91.82% | test 0.2656/91.28% | 5.1s
Epoch 143/200 | lr 0.0196 | train 0.2365/91.63% | val 0.2433/92.14% | test 0.2469/91.84% | 5.0s
Epoch 144/200 | lr 0.0190 | train 0.2313/91.96% | val 0.2403/92.04% | test 0.2414/92.33% | 5.1s
Epoch 145/200 | lr 0.0184 | train 0.2280/92.07% | val 0.2565/91.52% | test 0.2617/91.33% | 5.1s
Epoch 146/200 | lr 0.0178 | train 0.2250/92.29% | val 0.2279/92.54% | test 0.2330/92.35% | 5.2s
Epoch 147/200 | lr 0.0171 | train 0.2210/92.42% | val 0.2252/92.86% | test 0.2531/91.94% | 5.2s
Epoch 148/200 | lr 0.0165 | train 0.2207/92.28% | val 0.2288/92.50% | test 0.2362/92.42% | 5.1s
Epoch 149/200 | lr 0.0159 | train 0.2103/92.73% | val 0.2247/92.68% | test 0.2440/91.81% | 5.1s
Epoch 150/200 | lr 0.0154 | train 0.2067/92.86% | val 0.2199/92.86% | test 0.2395/92.10% | 5.1s
Epoch 151/200 | lr 0.0148 | train 0.2075/92.80% | val 0.2402/92.50% | test 0.2575/91.89% | 5.2s
Epoch 152/200 | lr 0.0142 | train 0.1967/93.20% | val 0.1934/93.24% | test 0.2197/92.79% | 5.2s
Epoch 153/200 | lr 0.0137 | train 0.1982/93.19% | val 0.2218/92.60% | test 0.2284/92.65% | 5.1s
Epoch 154/200 | lr 0.0131 | train 0.1897/93.44% | val 0.2431/92.22% | test 0.2633/91.62% | 5.1s
Epoch 155/200 | lr 0.0126 | train 0.1893/93.65% | val 0.1898/93.62% | test 0.2103/92.99% | 5.2s
Epoch 156/200 | lr 0.0120 | train 0.1814/93.79% | val 0.2154/93.08% | test 0.2261/92.86% | 5.1s
Epoch 157/200 | lr 0.0115 | train 0.1764/93.92% | val 0.1936/94.02% | test 0.2168/93.05% | 5.2s
Epoch 158/200 | lr 0.0110 | train 0.1692/94.19% | val 0.2000/93.42% | test 0.2020/93.51% | 5.1s
Epoch 159/200 | lr 0.0105 | train 0.1651/94.30% | val 0.1873/93.76% | test 0.2139/93.19% | 5.1s
Epoch 160/200 | lr 0.0100 | train 0.1601/94.46% | val 0.1887/93.94% | test 0.2117/93.16% | 5.0s
Epoch 161/200 | lr 0.0095 | train 0.1566/94.62% | val 0.1938/93.78% | test 0.2142/93.21% | 5.1s
Epoch 162/200 | lr 0.0091 | train 0.1488/94.89% | val 0.2009/93.86% | test 0.2271/92.95% | 5.1s
Epoch 163/200 | lr 0.0086 | train 0.1448/94.89% | val 0.1897/93.96% | test 0.2023/93.70% | 5.1s
Epoch 164/200 | lr 0.0082 | train 0.1461/94.98% | val 0.1835/94.00% | test 0.2011/93.77% | 5.1s
Epoch 165/200 | lr 0.0077 | train 0.1322/95.43% | val 0.1824/94.02% | test 0.1996/94.16% | 5.0s
Epoch 166/200 | lr 0.0073 | train 0.1365/95.42% | val 0.1821/94.12% | test 0.1891/94.07% | 5.2s
Epoch 167/200 | lr 0.0069 | train 0.1262/95.61% | val 0.1685/94.62% | test 0.1835/94.38% | 5.3s
Epoch 168/200 | lr 0.0065 | train 0.1256/95.67% | val 0.1658/94.68% | test 0.1714/94.79% | 5.2s
Epoch 169/200 | lr 0.0061 | train 0.1242/95.79% | val 0.1593/94.76% | test 0.1866/94.27% | 5.2s
Epoch 170/200 | lr 0.0057 | train 0.1122/96.23% | val 0.1669/94.60% | test 0.1812/94.23% | 5.1s
Epoch 171/200 | lr 0.0054 | train 0.1110/96.08% | val 0.1814/94.42% | test 0.1893/94.27% | 5.1s
Epoch 172/200 | lr 0.0050 | train 0.1049/96.51% | val 0.1619/95.02% | test 0.1791/94.71% | 5.2s
Epoch 173/200 | lr 0.0047 | train 0.1032/96.51% | val 0.1641/94.96% | test 0.1847/94.41% | 5.1s
Epoch 174/200 | lr 0.0043 | train 0.0969/96.70% | val 0.1582/95.20% | test 0.1772/94.63% | 5.2s
Epoch 175/200 | lr 0.0040 | train 0.0947/96.78% | val 0.1648/95.18% | test 0.1701/94.92% | 5.1s
Epoch 176/200 | lr 0.0037 | train 0.0906/96.94% | val 0.1735/95.08% | test 0.1714/94.87% | 5.2s
Epoch 177/200 | lr 0.0034 | train 0.0809/97.32% | val 0.1658/95.24% | test 0.1755/94.66% | 5.2s
Epoch 178/200 | lr 0.0031 | train 0.0799/97.33% | val 0.1561/95.36% | test 0.1691/94.85% | 5.4s
Epoch 179/200 | lr 0.0028 | train 0.0801/97.28% | val 0.1518/95.48% | test 0.1617/95.35% | 5.2s
Epoch 180/200 | lr 0.0026 | train 0.0759/97.44% | val 0.1675/95.08% | test 0.1683/94.99% | 5.1s
Epoch 181/200 | lr 0.0023 | train 0.0741/97.54% | val 0.1576/95.34% | test 0.1620/95.12% | 5.1s
Epoch 182/200 | lr 0.0021 | train 0.0682/97.80% | val 0.1630/95.30% | test 0.1620/95.19% | 5.2s
Epoch 183/200 | lr 0.0019 | train 0.0682/97.85% | val 0.1652/95.30% | test 0.1603/95.18% | 5.1s
Epoch 184/200 | lr 0.0017 | train 0.0636/97.89% | val 0.1589/95.22% | test 0.1632/95.28% | 5.1s
Epoch 185/200 | lr 0.0015 | train 0.0596/97.99% | val 0.1513/95.62% | test 0.1549/95.14% | 5.2s
Epoch 186/200 | lr 0.0013 | train 0.0590/98.03% | val 0.1594/95.36% | test 0.1556/95.45% | 5.1s
Epoch 187/200 | lr 0.0011 | train 0.0568/98.03% | val 0.1526/95.56% | test 0.1546/95.51% | 5.1s
Epoch 188/200 | lr 0.0009 | train 0.0563/98.13% | val 0.1523/95.50% | test 0.1520/95.53% | 5.1s
Epoch 189/200 | lr 0.0008 | train 0.0537/98.27% | val 0.1533/95.78% | test 0.1540/95.52% | 5.2s
Epoch 190/200 | lr 0.0006 | train 0.0532/98.23% | val 0.1537/95.76% | test 0.1517/95.44% | 5.1s
Epoch 191/200 | lr 0.0005 | train 0.0513/98.34% | val 0.1505/95.66% | test 0.1523/95.55% | 5.1s
Epoch 192/200 | lr 0.0004 | train 0.0484/98.38% | val 0.1505/95.88% | test 0.1507/95.58% | 5.2s
Epoch 193/200 | lr 0.0003 | train 0.0502/98.37% | val 0.1488/95.94% | test 0.1487/95.68% | 5.2s
Epoch 194/200 | lr 0.0002 | train 0.0470/98.47% | val 0.1495/95.84% | test 0.1487/95.50% | 5.1s
Epoch 195/200 | lr 0.0002 | train 0.0464/98.49% | val 0.1504/96.00% | test 0.1497/95.60% | 5.2s
Epoch 196/200 | lr 0.0001 | train 0.0453/98.52% | val 0.1478/95.76% | test 0.1500/95.50% | 5.1s
Epoch 197/200 | lr 0.0001 | train 0.0454/98.56% | val 0.1503/95.86% | test 0.1520/95.58% | 5.1s
Epoch 198/200 | lr 0.0000 | train 0.0457/98.58% | val 0.1474/95.86% | test 0.1519/95.56% | 5.1s
Epoch 199/200 | lr 0.0000 | train 0.0444/98.55% | val 0.1479/95.74% | test 0.1501/95.51% | 5.1s
Epoch 200/200 | lr 0.0000 | train 0.0453/98.55% | val 0.1484/95.86% | test 0.1503/95.61% | 5.1s

BASELINE1 Training Complete in 0.28 hours. Best Val Acc: 96.00% (Saved: baseline1_fnl_ternary_best.pth)
Saved training curves to 'baseline1_fnl_ternary_curves.png'.
Saved weight histograms to 'baseline1_fnl_ternary_histograms.png'.

Final Best Checkpoint Test Accuracy: 95.60% (Loss: 0.1497)

Per-layer weight shape, unique quantized weights, and ternary sparsity:
  conv1                          | shape: (64, 3, 3, 3)      | unique:  7 | zero= 62.0% +alpha= 18.8% -alpha= 19.3%
  layer1.0.conv1                 | shape: (64, 64, 3, 3)     | unique:  7 | zero= 67.9% +alpha= 14.5% -alpha= 17.6%
  layer1.0.conv2                 | shape: (64, 64, 3, 3)     | unique:  3 | zero= 56.9% +alpha= 20.0% -alpha= 23.1%
  layer1.1.conv1                 | shape: (64, 64, 3, 3)     | unique:  3 | zero= 55.9% +alpha= 19.0% -alpha= 25.1%
  layer1.1.conv2                 | shape: (64, 64, 3, 3)     | unique:  7 | zero= 55.9% +alpha= 19.5% -alpha= 24.6%
  layer2.0.conv1                 | shape: (128, 64, 3, 3)    | unique:  3 | zero= 48.4% +alpha= 21.9% -alpha= 29.7%
  layer2.0.conv2                 | shape: (128, 128, 3, 3)   | unique:  9 | zero= 48.3% +alpha= 22.1% -alpha= 29.6%
  layer2.0.shortcut.0            | shape: (128, 64, 1, 1)    | unique:  7 | zero= 52.5% +alpha= 19.6% -alpha= 27.9%
  layer2.1.conv1                 | shape: (128, 128, 3, 3)   | unique:  3 | zero= 50.3% +alpha= 21.9% -alpha= 27.8%
  layer2.1.conv2                 | shape: (128, 128, 3, 3)   | unique:  7 | zero= 51.7% +alpha= 19.2% -alpha= 29.1%
  layer3.0.conv1                 | shape: (256, 128, 3, 3)   | unique:  8 | zero= 47.5% +alpha= 22.4% -alpha= 30.1%
  layer3.0.conv2                 | shape: (256, 256, 3, 3)   | unique:  5 | zero= 47.4% +alpha= 23.5% -alpha= 29.2%
  layer3.0.shortcut.0            | shape: (256, 128, 1, 1)   | unique:  8 | zero= 49.9% +alpha= 20.0% -alpha= 30.1%
  layer3.1.conv1                 | shape: (256, 256, 3, 3)   | unique:  8 | zero= 48.4% +alpha= 21.6% -alpha= 30.0%
  layer3.1.conv2                 | shape: (256, 256, 3, 3)   | unique:  8 | zero= 52.6% +alpha= 18.5% -alpha= 28.9%
  layer4.0.conv1                 | shape: (512, 256, 3, 3)   | unique:  8 | zero= 47.7% +alpha= 23.4% -alpha= 28.9%
  layer4.0.conv2                 | shape: (512, 512, 3, 3)   | unique:  5 | zero= 51.2% +alpha= 22.1% -alpha= 26.7%
  layer4.0.shortcut.0            | shape: (512, 256, 1, 1)   | unique:  8 | zero= 50.2% +alpha= 22.6% -alpha= 27.3%
  layer4.1.conv1                 | shape: (512, 512, 3, 3)   | unique:  9 | zero= 51.3% +alpha= 19.2% -alpha= 29.5%
  layer4.1.conv2                 | shape: (512, 512, 3, 3)   | unique:  9 | zero= 57.7% +alpha= 18.9% -alpha= 23.3%
  fc                             | shape: (10, 512)          | unique:  3 | zero= 53.0% +alpha= 15.5% -alpha= 31.4%

Running Quantization Behavioral Verification Check...
Mean |logit difference| between quantized and raw-latent forward: 1645.2067
Prediction agreement between the two passes: 9.77%
Quantization is genuinely constraining the model computation.

===========================================================================
MODEL SIZE & BIT-LEVEL COMPRESSION MATHEMATICS (baseline1_fnl_ternary)
===========================================================================
1. Parameter Count Breakdown:
   - Total Parameters:                       11,173,962
   - Ternary (2-bit packed) Parameters:      11,164,352 ( 99.91%)
   - FP32 Unquantized Parameters:                 9,610 (  0.09%)
   - Layerwise Alpha Scaling Factors:                21 (FP32 scalars)

2. Exact Bitstream Storage Calculation:
   - Ternary Weight Bits : 11,164,352 params x  2 bits =   22,328,704 bits
   - FP32 Parameter Bits :      9,610 params x 32 bits =      307,520 bits
   - Alpha Scaling Bits  :         21 layers x 32 bits =          672 bits
   -------------------------------------------------------------------
   - Total Compressed Bits:                          =   22,636,896 bits
   - Compressed Size: 22,636,896 / (8 x 1024^2)    =         2.70 MB

3. Baseline Comparison & Compression Summary:
   - Full FP32 Baseline Memory Footprint:                   42.63 MB
   - Theoretical 2-Bit Footprint (Deployment):               2.70 MB
   - Mathematical Compression Ratio:                        15.80x
   - Training Checkpoint on Disk (FP32 state_dict):         42.70 MB
===========================================================================


===========================================================================
RUNNING EXPERIMENT: BASELINE2
Configuration: Temp=4.0, KD Lambda=0.5, LabelSmoothing=0.0, QuantizeFirstLast=True
===========================================================================

--- Baseline 2 Stage 1: FP32 KD Pretraining (100 epochs) ---
[Baseline2 - Stage 1   1/100] lr 0.0201 | train 17.2425/41.51% | val 16.3839/54.44% | test 16.4468/53.68% | 7.3s
[Baseline2 - Stage 1   2/100] lr 0.0401 | train 15.9083/58.17% | val 15.1593/63.94% | test 15.1937/63.12% | 7.4s
[Baseline2 - Stage 1   3/100] lr 0.0601 | train 15.2437/65.57% | val 14.8360/66.62% | test 14.8676/66.18% | 7.4s
[Baseline2 - Stage 1   4/100] lr 0.0801 | train 14.7700/70.95% | val 16.1675/57.54% | test 16.2148/56.77% | 7.3s
[Baseline2 - Stage 1   5/100] lr 0.1000 | train 14.5469/73.50% | val 15.0292/65.42% | test 15.0768/64.41% | 7.3s
[Baseline2 - Stage 1   6/100] lr 0.1000 | train 14.3783/75.33% | val 13.5016/79.82% | test 13.4783/80.08% | 7.4s
[Baseline2 - Stage 1   7/100] lr 0.0999 | train 14.1933/76.86% | val 13.6847/77.76% | test 13.6487/78.26% | 7.3s
[Baseline2 - Stage 1   8/100] lr 0.0998 | train 14.0902/78.06% | val 13.7065/78.52% | test 13.6656/78.69% | 7.3s
[Baseline2 - Stage 1   9/100] lr 0.0996 | train 14.0258/78.82% | val 13.5326/79.58% | test 13.5818/79.37% | 7.3s
[Baseline2 - Stage 1  10/100] lr 0.0993 | train 13.9400/79.60% | val 13.2645/82.12% | test 13.3168/80.93% | 7.4s
[Baseline2 - Stage 1  11/100] lr 0.0990 | train 13.8840/80.40% | val 13.2301/82.52% | test 13.2295/82.45% | 7.4s
[Baseline2 - Stage 1  12/100] lr 0.0987 | train 13.8747/80.49% | val 13.1545/83.02% | test 13.1961/82.81% | 7.5s
[Baseline2 - Stage 1  13/100] lr 0.0983 | train 13.8158/81.12% | val 13.0024/84.38% | test 13.0011/84.58% | 7.4s
[Baseline2 - Stage 1  14/100] lr 0.0978 | train 13.7558/81.72% | val 13.1665/82.56% | test 13.1541/82.89% | 7.3s
[Baseline2 - Stage 1  15/100] lr 0.0973 | train 13.7548/81.53% | val 13.2419/82.22% | test 13.2961/82.08% | 7.3s
[Baseline2 - Stage 1  16/100] lr 0.0967 | train 13.7125/82.13% | val 13.6155/79.22% | test 13.6853/78.59% | 7.3s
[Baseline2 - Stage 1  17/100] lr 0.0961 | train 13.6821/82.28% | val 12.9367/85.18% | test 12.9245/85.67% | 7.4s
[Baseline2 - Stage 1  18/100] lr 0.0955 | train 13.6692/82.64% | val 13.1346/83.12% | test 13.1084/83.60% | 7.3s
[Baseline2 - Stage 1  19/100] lr 0.0947 | train 13.6529/82.92% | val 13.4029/80.24% | test 13.4430/80.38% | 7.3s
[Baseline2 - Stage 1  20/100] lr 0.0940 | train 13.6221/83.17% | val 13.2664/82.24% | test 13.3121/81.60% | 7.3s
[Baseline2 - Stage 1  21/100] lr 0.0932 | train 13.5724/83.66% | val 12.9628/84.14% | test 12.9557/85.11% | 7.3s
[Baseline2 - Stage 1  22/100] lr 0.0923 | train 13.5614/83.86% | val 13.0449/84.02% | test 13.1266/83.37% | 7.3s
[Baseline2 - Stage 1  23/100] lr 0.0914 | train 13.5529/83.98% | val 13.2989/82.32% | test 13.2669/82.25% | 7.3s
[Baseline2 - Stage 1  24/100] lr 0.0905 | train 13.5262/84.35% | val 13.2104/82.92% | test 13.2577/81.95% | 7.3s
[Baseline2 - Stage 1  25/100] lr 0.0895 | train 13.5243/84.09% | val 13.6789/78.62% | test 13.7271/78.35% | 7.3s
[Baseline2 - Stage 1  26/100] lr 0.0884 | train 13.4769/84.61% | val 13.1952/83.50% | test 13.2114/83.03% | 7.3s
[Baseline2 - Stage 1  27/100] lr 0.0873 | train 13.4915/84.55% | val 12.8494/85.84% | test 12.8686/85.99% | 7.4s
[Baseline2 - Stage 1  28/100] lr 0.0862 | train 13.4678/84.71% | val 13.2497/82.86% | test 13.3227/81.99% | 7.3s
[Baseline2 - Stage 1  29/100] lr 0.0851 | train 13.4530/84.99% | val 13.1206/83.40% | test 13.1448/83.21% | 7.3s
[Baseline2 - Stage 1  30/100] lr 0.0839 | train 13.4252/85.15% | val 12.6255/88.36% | test 12.6947/87.56% | 7.4s
[Baseline2 - Stage 1  31/100] lr 0.0826 | train 13.4142/85.25% | val 13.0010/85.00% | test 13.0452/84.35% | 7.3s
[Baseline2 - Stage 1  32/100] lr 0.0814 | train 13.3976/85.52% | val 12.9875/84.90% | test 13.0241/84.47% | 7.3s
[Baseline2 - Stage 1  33/100] lr 0.0801 | train 13.3815/85.49% | val 12.6974/87.36% | test 12.7220/87.21% | 7.3s
[Baseline2 - Stage 1  34/100] lr 0.0787 | train 13.3637/85.87% | val 12.8581/86.32% | test 12.9418/85.16% | 7.3s
[Baseline2 - Stage 1  35/100] lr 0.0773 | train 13.3387/86.02% | val 12.8052/86.02% | test 12.7796/86.37% | 7.3s
[Baseline2 - Stage 1  36/100] lr 0.0759 | train 13.3552/85.92% | val 12.7750/87.16% | test 12.8444/85.87% | 7.3s
[Baseline2 - Stage 1  37/100] lr 0.0745 | train 13.3151/86.22% | val 12.7557/87.72% | test 12.7902/87.83% | 7.3s
[Baseline2 - Stage 1  38/100] lr 0.0731 | train 13.2982/86.64% | val 12.5535/88.64% | test 12.6186/88.27% | 7.3s
[Baseline2 - Stage 1  39/100] lr 0.0716 | train 13.3072/86.36% | val 12.7011/87.30% | test 12.7078/87.59% | 7.3s
[Baseline2 - Stage 1  40/100] lr 0.0701 | train 13.2715/86.80% | val 12.5439/89.14% | test 12.5873/88.41% | 7.4s
[Baseline2 - Stage 1  41/100] lr 0.0686 | train 13.2678/86.93% | val 12.7007/87.32% | test 12.7520/86.92% | 7.3s
[Baseline2 - Stage 1  42/100] lr 0.0670 | train 13.2402/87.10% | val 12.4225/89.64% | test 12.4514/89.43% | 7.4s
[Baseline2 - Stage 1  43/100] lr 0.0655 | train 13.2000/87.56% | val 12.4060/90.52% | test 12.4664/89.77% | 7.4s
[Baseline2 - Stage 1  44/100] lr 0.0639 | train 13.1820/87.72% | val 12.3658/90.52% | test 12.4264/89.90% | 7.3s
[Baseline2 - Stage 1  45/100] lr 0.0623 | train 13.1792/87.66% | val 12.5821/88.92% | test 12.6542/88.00% | 7.3s
[Baseline2 - Stage 1  46/100] lr 0.0607 | train 13.1645/87.98% | val 12.4048/89.96% | test 12.4217/90.11% | 7.3s
[Baseline2 - Stage 1  47/100] lr 0.0590 | train 13.1614/87.96% | val 12.5215/89.34% | test 12.5713/88.55% | 7.3s
[Baseline2 - Stage 1  48/100] lr 0.0574 | train 13.1322/88.25% | val 13.0901/84.68% | test 13.0932/84.52% | 7.3s
[Baseline2 - Stage 1  49/100] lr 0.0558 | train 13.0931/88.66% | val 12.5005/90.16% | test 12.5369/89.10% | 7.3s
[Baseline2 - Stage 1  50/100] lr 0.0541 | train 13.0983/88.69% | val 12.4149/90.24% | test 12.4726/89.60% | 7.3s
[Baseline2 - Stage 1  51/100] lr 0.0525 | train 13.0643/89.15% | val 12.2898/91.44% | test 12.3573/90.76% | 7.6s
[Baseline2 - Stage 1  52/100] lr 0.0508 | train 13.0664/88.98% | val 12.4008/90.48% | test 12.4265/90.42% | 7.3s
[Baseline2 - Stage 1  53/100] lr 0.0492 | train 13.0301/89.27% | val 12.2810/91.78% | test 12.3339/91.27% | 7.4s
[Baseline2 - Stage 1  54/100] lr 0.0475 | train 13.0208/89.45% | val 12.4417/90.36% | test 12.4918/89.40% | 7.3s
[Baseline2 - Stage 1  55/100] lr 0.0459 | train 12.9824/89.85% | val 12.4324/90.36% | test 12.4508/89.94% | 7.3s
[Baseline2 - Stage 1  56/100] lr 0.0442 | train 12.9752/90.08% | val 12.3977/90.54% | test 12.4537/89.88% | 7.3s
[Baseline2 - Stage 1  57/100] lr 0.0426 | train 12.9606/90.21% | val 12.4587/89.46% | test 12.4562/90.06% | 7.3s
[Baseline2 - Stage 1  58/100] lr 0.0410 | train 12.9401/90.41% | val 12.2154/92.32% | test 12.2143/92.52% | 7.4s
[Baseline2 - Stage 1  59/100] lr 0.0393 | train 12.9089/90.83% | val 12.2597/92.28% | test 12.2794/91.57% | 7.3s
[Baseline2 - Stage 1  60/100] lr 0.0377 | train 12.8796/91.03% | val 12.2090/92.18% | test 12.2446/91.66% | 7.3s
[Baseline2 - Stage 1  61/100] lr 0.0361 | train 12.8858/90.96% | val 12.1766/92.60% | test 12.2106/92.20% | 7.3s
[Baseline2 - Stage 1  62/100] lr 0.0345 | train 12.8441/91.35% | val 12.3162/91.14% | test 12.3253/91.08% | 7.3s
[Baseline2 - Stage 1  63/100] lr 0.0330 | train 12.8332/91.74% | val 12.2204/92.22% | test 12.2485/92.13% | 7.3s
[Baseline2 - Stage 1  64/100] lr 0.0314 | train 12.8070/91.94% | val 12.1377/92.74% | test 12.1663/92.49% | 7.4s
[Baseline2 - Stage 1  65/100] lr 0.0299 | train 12.7742/92.13% | val 12.0992/92.98% | test 12.1113/93.26% | 7.4s
[Baseline2 - Stage 1  66/100] lr 0.0284 | train 12.7602/92.45% | val 12.2054/92.16% | test 12.2901/91.53% | 7.3s
[Baseline2 - Stage 1  67/100] lr 0.0269 | train 12.7474/92.52% | val 12.1734/92.74% | test 12.2282/92.40% | 7.3s
[Baseline2 - Stage 1  68/100] lr 0.0255 | train 12.6983/92.99% | val 12.0237/94.00% | test 12.0777/93.54% | 7.4s
[Baseline2 - Stage 1  69/100] lr 0.0241 | train 12.6882/93.36% | val 12.0415/93.72% | test 12.0762/93.83% | 7.3s
[Baseline2 - Stage 1  70/100] lr 0.0227 | train 12.6633/93.26% | val 12.0440/94.10% | test 12.1063/93.08% | 7.4s
[Baseline2 - Stage 1  71/100] lr 0.0213 | train 12.6606/93.63% | val 12.0630/93.44% | test 12.0932/93.47% | 7.3s
[Baseline2 - Stage 1  72/100] lr 0.0199 | train 12.6095/94.16% | val 11.9795/94.36% | test 12.0338/94.05% | 7.4s
[Baseline2 - Stage 1  73/100] lr 0.0186 | train 12.6003/94.27% | val 12.0730/93.76% | test 12.1088/93.43% | 7.3s
[Baseline2 - Stage 1  74/100] lr 0.0174 | train 12.5640/94.72% | val 11.9771/94.50% | test 12.0135/94.10% | 7.4s
[Baseline2 - Stage 1  75/100] lr 0.0161 | train 12.5467/94.96% | val 11.9951/94.16% | test 12.0206/94.32% | 7.3s
[Baseline2 - Stage 1  76/100] lr 0.0149 | train 12.5277/95.34% | val 11.9535/94.88% | test 12.0041/94.28% | 7.4s
[Baseline2 - Stage 1  77/100] lr 0.0138 | train 12.5004/95.45% | val 11.9488/94.60% | test 11.9980/94.51% | 7.3s
[Baseline2 - Stage 1  78/100] lr 0.0127 | train 12.4738/95.80% | val 11.9047/95.42% | test 11.9626/95.03% | 7.4s
[Baseline2 - Stage 1  79/100] lr 0.0116 | train 12.4598/95.97% | val 11.8965/95.32% | test 11.9535/94.97% | 7.3s
[Baseline2 - Stage 1  80/100] lr 0.0105 | train 12.4320/96.55% | val 11.8799/95.26% | test 11.9233/95.25% | 7.3s
[Baseline2 - Stage 1  81/100] lr 0.0095 | train 12.3996/96.77% | val 11.8838/95.56% | test 11.9147/95.32% | 7.4s
[Baseline2 - Stage 1  82/100] lr 0.0086 | train 12.3887/96.94% | val 11.8769/95.54% | test 11.9061/95.35% | 7.3s
[Baseline2 - Stage 1  83/100] lr 0.0077 | train 12.3846/96.99% | val 11.8699/95.58% | test 11.8883/95.54% | 7.4s
[Baseline2 - Stage 1  84/100] lr 0.0068 | train 12.3639/97.28% | val 11.8498/95.78% | test 11.8856/95.72% | 7.4s
[Baseline2 - Stage 1  85/100] lr 0.0060 | train 12.3585/97.65% | val 11.8358/95.82% | test 11.8739/95.66% | 7.4s
[Baseline2 - Stage 1  86/100] lr 0.0053 | train 12.3320/97.65% | val 11.8214/96.10% | test 11.8501/95.97% | 7.4s
[Baseline2 - Stage 1  87/100] lr 0.0045 | train 12.3313/97.65% | val 11.8290/96.28% | test 11.8586/95.95% | 7.4s
[Baseline2 - Stage 1  88/100] lr 0.0039 | train 12.3274/97.66% | val 11.8217/96.10% | test 11.8535/96.12% | 7.3s
[Baseline2 - Stage 1  89/100] lr 0.0033 | train 12.3168/97.98% | val 11.8063/96.24% | test 11.8391/96.01% | 7.3s
[Baseline2 - Stage 1  90/100] lr 0.0027 | train 12.3031/98.07% | val 11.8006/96.14% | test 11.8349/96.06% | 7.3s
[Baseline2 - Stage 1  91/100] lr 0.0022 | train 12.3014/98.19% | val 11.7965/96.28% | test 11.8291/96.20% | 7.3s
[Baseline2 - Stage 1  92/100] lr 0.0017 | train 12.3025/98.25% | val 11.7947/96.20% | test 11.8280/96.16% | 7.3s
[Baseline2 - Stage 1  93/100] lr 0.0013 | train 12.2826/98.17% | val 11.7918/96.28% | test 11.8257/96.25% | 7.3s
[Baseline2 - Stage 1  94/100] lr 0.0010 | train 12.2917/98.33% | val 11.7874/96.42% | test 11.8200/96.26% | 7.3s
[Baseline2 - Stage 1  95/100] lr 0.0007 | train 12.2948/98.29% | val 11.7865/96.28% | test 11.8186/96.26% | 7.3s
[Baseline2 - Stage 1  96/100] lr 0.0004 | train 12.2758/98.38% | val 11.7844/96.42% | test 11.8166/96.31% | 7.3s
[Baseline2 - Stage 1  97/100] lr 0.0002 | train 12.2870/98.33% | val 11.7839/96.30% | test 11.8172/96.24% | 7.3s
[Baseline2 - Stage 1  98/100] lr 0.0001 | train 12.2749/98.40% | val 11.7833/96.28% | test 11.8152/96.24% | 7.3s
[Baseline2 - Stage 1  99/100] lr 0.0000 | train 12.2852/98.45% | val 11.7839/96.42% | test 11.8156/96.23% | 7.3s
[Baseline2 - Stage 1 100/100] lr 0.0000 | train 12.2884/98.37% | val 11.7827/96.48% | test 11.8149/96.28% | 7.4s

--- Baseline 2 Stage 2: TWN QAT Fine-tuning (100 epochs) ---
[Baseline 2 Transition] Initializing fresh SGD optimizer and new 100-epoch Cosine schedule with 5-epoch warmup on top of pretrained FP32 weights.
[Baseline2 - Stage 2   1/100] lr 0.0201 | train 12.9108/92.03% | val 12.7126/87.18% | test 12.7392/87.20% | 7.7s
[Baseline2 - Stage 2   2/100] lr 0.0401 | train 13.2837/86.82% | val 13.1809/83.58% | test 13.1531/83.61% | 7.7s
[Baseline2 - Stage 2   3/100] lr 0.0601 | train 13.8188/81.19% | val 13.8088/77.20% | test 13.8218/76.51% | 7.7s
[Baseline2 - Stage 2   4/100] lr 0.0801 | train 13.9734/79.45% | val 14.6575/69.80% | test 14.6392/70.25% | 7.7s
[Baseline2 - Stage 2   5/100] lr 0.1000 | train 13.8842/80.60% | val 13.7208/79.46% | test 13.8021/79.36% | 7.7s
[Baseline2 - Stage 2   6/100] lr 0.1000 | train 13.8035/81.29% | val 13.4295/80.98% | test 13.4831/79.41% | 7.7s
[Baseline2 - Stage 2   7/100] lr 0.0999 | train 13.6818/82.42% | val 13.4308/81.08% | test 13.5382/80.06% | 7.7s
[Baseline2 - Stage 2   8/100] lr 0.0998 | train 13.6426/82.80% | val 13.1275/83.94% | test 13.1333/83.71% | 7.7s
[Baseline2 - Stage 2   9/100] lr 0.0996 | train 13.6139/83.26% | val 13.7737/77.70% | test 13.7473/78.01% | 7.7s
[Baseline2 - Stage 2  10/100] lr 0.0993 | train 13.6085/83.16% | val 13.0619/84.80% | test 13.0773/84.09% | 7.7s
[Baseline2 - Stage 2  11/100] lr 0.0990 | train 13.5734/83.48% | val 13.2313/82.56% | test 13.2905/81.84% | 7.7s
[Baseline2 - Stage 2  12/100] lr 0.0987 | train 13.5732/83.74% | val 13.1200/83.14% | test 13.1389/83.22% | 7.7s
[Baseline2 - Stage 2  13/100] lr 0.0983 | train 13.5746/83.75% | val 12.9118/85.28% | test 12.9583/84.46% | 7.7s
[Baseline2 - Stage 2  14/100] lr 0.0978 | train 13.5561/83.79% | val 13.1609/83.32% | test 13.1485/83.31% | 7.7s
[Baseline2 - Stage 2  15/100] lr 0.0973 | train 13.5661/83.63% | val 13.2959/81.08% | test 13.3745/80.27% | 7.7s
[Baseline2 - Stage 2  16/100] lr 0.0967 | train 13.5402/83.97% | val 12.9956/84.62% | test 12.9643/84.74% | 7.7s
[Baseline2 - Stage 2  17/100] lr 0.0961 | train 13.5474/83.98% | val 13.3825/81.98% | test 13.3957/81.80% | 7.7s
[Baseline2 - Stage 2  18/100] lr 0.0955 | train 13.5034/84.44% | val 13.0416/83.70% | test 13.0624/84.17% | 7.7s
[Baseline2 - Stage 2  19/100] lr 0.0947 | train 13.5246/84.26% | val 12.9760/85.36% | test 12.9913/84.83% | 7.7s
[Baseline2 - Stage 2  20/100] lr 0.0940 | train 13.5199/84.04% | val 12.7302/87.42% | test 12.7713/86.69% | 7.8s
[Baseline2 - Stage 2  21/100] lr 0.0932 | train 13.4922/84.51% | val 12.7501/86.88% | test 12.7832/86.92% | 7.7s
[Baseline2 - Stage 2  22/100] lr 0.0923 | train 13.4875/84.51% | val 12.7328/86.90% | test 12.7669/86.60% | 7.7s
[Baseline2 - Stage 2  23/100] lr 0.0914 | train 13.4974/84.29% | val 13.7696/78.28% | test 13.8391/77.32% | 7.7s
[Baseline2 - Stage 2  24/100] lr 0.0905 | train 13.4711/84.62% | val 12.6195/88.12% | test 12.6698/87.60% | 7.8s
[Baseline2 - Stage 2  25/100] lr 0.0895 | train 13.4676/84.84% | val 12.9044/85.78% | test 12.9465/84.79% | 7.7s
[Baseline2 - Stage 2  26/100] lr 0.0884 | train 13.5135/84.27% | val 12.9910/85.08% | test 12.9915/84.47% | 7.7s
[Baseline2 - Stage 2  27/100] lr 0.0873 | train 13.4651/84.91% | val 12.8561/86.28% | test 12.9672/85.63% | 7.7s
[Baseline2 - Stage 2  28/100] lr 0.0862 | train 13.4568/84.85% | val 13.1723/83.14% | test 13.2131/82.57% | 7.7s
[Baseline2 - Stage 2  29/100] lr 0.0851 | train 13.4266/85.17% | val 13.0395/84.80% | test 13.0423/84.38% | 7.7s
[Baseline2 - Stage 2  30/100] lr 0.0839 | train 13.4426/85.11% | val 12.9648/85.02% | test 13.0752/83.75% | 7.7s
[Baseline2 - Stage 2  31/100] lr 0.0826 | train 13.4298/85.25% | val 13.3362/82.72% | test 13.3708/82.29% | 7.7s
[Baseline2 - Stage 2  32/100] lr 0.0814 | train 13.4118/85.13% | val 12.9847/84.72% | test 12.9888/84.45% | 7.7s
[Baseline2 - Stage 2  33/100] lr 0.0801 | train 13.3875/85.56% | val 13.0419/84.62% | test 13.0875/84.07% | 7.7s
[Baseline2 - Stage 2  34/100] lr 0.0787 | train 13.4103/85.20% | val 12.7890/86.78% | test 12.8208/86.63% | 7.7s
[Baseline2 - Stage 2  35/100] lr 0.0773 | train 13.3769/85.81% | val 12.5899/88.84% | test 12.6575/87.74% | 7.8s
[Baseline2 - Stage 2  36/100] lr 0.0759 | train 13.3608/85.87% | val 12.8717/85.78% | test 12.9084/85.58% | 7.7s
[Baseline2 - Stage 2  37/100] lr 0.0745 | train 13.3666/85.71% | val 12.7213/87.38% | test 12.7999/87.01% | 7.7s
[Baseline2 - Stage 2  38/100] lr 0.0731 | train 13.3659/85.74% | val 12.6408/88.26% | test 12.6883/87.78% | 7.7s
[Baseline2 - Stage 2  39/100] lr 0.0716 | train 13.3303/86.16% | val 12.7151/87.26% | test 12.7084/87.22% | 7.7s
[Baseline2 - Stage 2  40/100] lr 0.0701 | train 13.2939/86.44% | val 12.7710/86.48% | test 12.8221/86.08% | 7.7s
[Baseline2 - Stage 2  41/100] lr 0.0686 | train 13.3183/86.48% | val 13.0275/84.76% | test 13.0705/84.24% | 7.7s
[Baseline2 - Stage 2  42/100] lr 0.0670 | train 13.2864/86.64% | val 12.6939/88.26% | test 12.7258/87.38% | 7.7s
[Baseline2 - Stage 2  43/100] lr 0.0655 | train 13.2628/86.92% | val 12.5264/89.26% | test 12.6255/88.29% | 7.8s
[Baseline2 - Stage 2  44/100] lr 0.0639 | train 13.2724/86.45% | val 12.5949/88.50% | test 12.6402/88.09% | 7.7s
[Baseline2 - Stage 2  45/100] lr 0.0623 | train 13.2434/87.09% | val 12.9611/85.14% | test 13.0322/84.30% | 7.7s
[Baseline2 - Stage 2  46/100] lr 0.0607 | train 13.2371/87.15% | val 12.4647/89.56% | test 12.5296/88.81% | 7.8s
[Baseline2 - Stage 2  47/100] lr 0.0590 | train 13.2278/87.16% | val 12.6677/87.50% | test 12.7101/87.57% | 7.7s
[Baseline2 - Stage 2  48/100] lr 0.0574 | train 13.2142/87.39% | val 12.7375/87.38% | test 12.8064/86.70% | 7.7s
[Baseline2 - Stage 2  49/100] lr 0.0558 | train 13.1952/87.62% | val 12.5647/89.12% | test 12.6164/88.61% | 7.7s
[Baseline2 - Stage 2  50/100] lr 0.0541 | train 13.1555/87.97% | val 12.4346/89.90% | test 12.4887/89.09% | 7.8s
[Baseline2 - Stage 2  51/100] lr 0.0525 | train 13.1303/88.39% | val 12.5233/89.26% | test 12.5655/88.44% | 7.7s
[Baseline2 - Stage 2  52/100] lr 0.0508 | train 13.1411/88.20% | val 12.8370/85.72% | test 12.8856/85.93% | 7.7s
[Baseline2 - Stage 2  53/100] lr 0.0492 | train 13.1080/88.54% | val 12.4703/89.30% | test 12.5413/88.72% | 7.7s
[Baseline2 - Stage 2  54/100] lr 0.0475 | train 13.0929/88.77% | val 12.4134/90.00% | test 12.4738/89.10% | 7.8s
[Baseline2 - Stage 2  55/100] lr 0.0459 | train 13.0736/88.76% | val 12.6013/87.98% | test 12.6530/87.57% | 7.7s
[Baseline2 - Stage 2  56/100] lr 0.0442 | train 13.0638/88.90% | val 12.3449/90.74% | test 12.4156/90.17% | 7.8s
[Baseline2 - Stage 2  57/100] lr 0.0426 | train 13.0507/89.10% | val 12.5069/89.44% | test 12.5719/88.93% | 7.7s
[Baseline2 - Stage 2  58/100] lr 0.0410 | train 13.0216/89.53% | val 12.3877/90.34% | test 12.4367/89.78% | 7.7s
[Baseline2 - Stage 2  59/100] lr 0.0393 | train 13.0042/89.35% | val 12.6753/88.00% | test 12.6622/88.01% | 7.7s
[Baseline2 - Stage 2  60/100] lr 0.0377 | train 12.9921/89.90% | val 12.4530/89.80% | test 12.5029/89.39% | 7.7s
[Baseline2 - Stage 2  61/100] lr 0.0361 | train 12.9705/90.01% | val 12.3836/90.44% | test 12.3789/90.70% | 7.7s
[Baseline2 - Stage 2  62/100] lr 0.0345 | train 12.9322/90.59% | val 12.3600/90.26% | test 12.4170/90.18% | 7.7s
[Baseline2 - Stage 2  63/100] lr 0.0330 | train 12.9258/90.20% | val 12.3379/91.06% | test 12.3898/90.83% | 7.8s
[Baseline2 - Stage 2  64/100] lr 0.0314 | train 12.9104/90.61% | val 12.2984/90.94% | test 12.3789/91.01% | 7.7s
[Baseline2 - Stage 2  65/100] lr 0.0299 | train 12.8736/91.19% | val 12.1996/92.24% | test 12.2406/92.01% | 7.8s
[Baseline2 - Stage 2  66/100] lr 0.0284 | train 12.8541/91.21% | val 12.2453/91.96% | test 12.2942/91.68% | 7.7s
[Baseline2 - Stage 2  67/100] lr 0.0269 | train 12.8314/91.71% | val 12.2045/91.96% | test 12.2799/91.50% | 7.7s
[Baseline2 - Stage 2  68/100] lr 0.0255 | train 12.8085/91.69% | val 12.1928/91.96% | test 12.2552/91.77% | 7.7s
[Baseline2 - Stage 2  69/100] lr 0.0241 | train 12.7981/91.98% | val 12.4578/90.40% | test 12.5119/89.54% | 7.7s
[Baseline2 - Stage 2  70/100] lr 0.0227 | train 12.7750/92.23% | val 12.1378/92.66% | test 12.1742/92.58% | 7.8s
[Baseline2 - Stage 2  71/100] lr 0.0213 | train 12.7452/92.51% | val 12.2392/91.82% | test 12.2979/91.53% | 8.0s
[Baseline2 - Stage 2  72/100] lr 0.0199 | train 12.7103/92.90% | val 12.1433/92.68% | test 12.1781/92.78% | 7.8s
[Baseline2 - Stage 2  73/100] lr 0.0186 | train 12.6881/93.21% | val 12.0963/93.38% | test 12.1790/92.60% | 7.8s
[Baseline2 - Stage 2  74/100] lr 0.0174 | train 12.6551/93.53% | val 12.0758/93.28% | test 12.1594/92.92% | 7.7s
[Baseline2 - Stage 2  75/100] lr 0.0161 | train 12.6293/93.82% | val 12.1639/93.04% | test 12.2167/92.44% | 7.7s
[Baseline2 - Stage 2  76/100] lr 0.0149 | train 12.6118/94.25% | val 12.0515/93.78% | test 12.0826/93.45% | 7.8s
[Baseline2 - Stage 2  77/100] lr 0.0138 | train 12.5863/94.35% | val 11.9452/94.90% | test 12.0030/94.16% | 7.8s
[Baseline2 - Stage 2  78/100] lr 0.0127 | train 12.5655/94.79% | val 11.9666/94.62% | test 12.0216/94.10% | 7.7s
[Baseline2 - Stage 2  79/100] lr 0.0116 | train 12.5489/95.01% | val 12.0147/94.10% | test 12.0515/94.07% | 7.7s
[Baseline2 - Stage 2  80/100] lr 0.0105 | train 12.5183/95.29% | val 11.9629/94.74% | test 11.9953/94.57% | 7.7s
[Baseline2 - Stage 2  81/100] lr 0.0095 | train 12.5041/95.57% | val 11.9491/95.10% | test 11.9972/94.33% | 7.7s
[Baseline2 - Stage 2  82/100] lr 0.0086 | train 12.4717/95.88% | val 11.9262/95.16% | test 11.9856/94.38% | 7.9s
[Baseline2 - Stage 2  83/100] lr 0.0077 | train 12.4589/96.26% | val 11.9122/94.94% | test 11.9383/94.86% | 7.7s
[Baseline2 - Stage 2  84/100] lr 0.0068 | train 12.4520/96.19% | val 11.8756/95.48% | test 11.9344/95.07% | 7.8s
[Baseline2 - Stage 2  85/100] lr 0.0060 | train 12.4293/96.63% | val 11.9099/95.14% | test 11.9478/94.97% | 7.7s
[Baseline2 - Stage 2  86/100] lr 0.0053 | train 12.4121/96.70% | val 11.8683/95.56% | test 11.9024/95.26% | 7.8s
[Baseline2 - Stage 2  87/100] lr 0.0045 | train 12.3929/97.12% | val 11.8670/95.56% | test 11.9065/95.37% | 7.7s
[Baseline2 - Stage 2  88/100] lr 0.0039 | train 12.3895/97.12% | val 11.8529/95.76% | test 11.9100/95.24% | 7.8s
[Baseline2 - Stage 2  89/100] lr 0.0033 | train 12.3643/97.32% | val 11.8377/95.90% | test 11.8875/95.37% | 7.8s
[Baseline2 - Stage 2  90/100] lr 0.0027 | train 12.3578/97.44% | val 11.8430/95.92% | test 11.8864/95.56% | 7.8s
[Baseline2 - Stage 2  91/100] lr 0.0022 | train 12.3410/97.55% | val 11.8176/96.24% | test 11.8760/95.56% | 7.8s
[Baseline2 - Stage 2  92/100] lr 0.0017 | train 12.3387/97.76% | val 11.8123/96.38% | test 11.8703/95.71% | 7.8s
[Baseline2 - Stage 2  93/100] lr 0.0013 | train 12.3410/97.77% | val 11.8225/96.22% | test 11.8672/95.76% | 7.7s
[Baseline2 - Stage 2  94/100] lr 0.0010 | train 12.3463/97.67% | val 11.8136/96.22% | test 11.8602/95.76% | 7.7s
[Baseline2 - Stage 2  95/100] lr 0.0007 | train 12.3297/97.84% | val 11.8067/96.30% | test 11.8590/95.78% | 7.7s
[Baseline2 - Stage 2  96/100] lr 0.0004 | train 12.3194/97.94% | val 11.8074/96.06% | test 11.8533/95.99% | 7.7s
[Baseline2 - Stage 2  97/100] lr 0.0002 | train 12.3211/97.86% | val 11.7990/96.38% | test 11.8541/95.84% | 7.7s
[Baseline2 - Stage 2  98/100] lr 0.0001 | train 12.3157/97.91% | val 11.8046/96.34% | test 11.8501/95.93% | 7.7s
[Baseline2 - Stage 2  99/100] lr 0.0000 | train 12.3167/97.96% | val 11.8059/96.24% | test 11.8514/95.91% | 7.7s
[Baseline2 - Stage 2 100/100] lr 0.0000 | train 12.3127/97.98% | val 11.7988/96.36% | test 11.8493/95.94% | 7.7s
Saved training curves to 'baseline2_temp4_fnl_ternary_curves.png'.
Saved weight histograms to 'baseline2_temp4_fnl_ternary_histograms.png'.

Final Best Checkpoint Test Accuracy: 95.71% (Loss: 11.8703)

Per-layer weight shape, unique quantized weights, and ternary sparsity:
  conv1                          | shape: (64, 3, 3, 3)      | unique:  5 | zero= 69.5% +alpha= 15.3% -alpha= 15.2%
  layer1.0.conv1                 | shape: (64, 64, 3, 3)     | unique:  7 | zero= 72.5% +alpha= 12.5% -alpha= 15.0%
  layer1.0.conv2                 | shape: (64, 64, 3, 3)     | unique:  7 | zero= 56.3% +alpha= 20.4% -alpha= 23.3%
  layer1.1.conv1                 | shape: (64, 64, 3, 3)     | unique:  7 | zero= 57.7% +alpha= 18.5% -alpha= 23.8%
  layer1.1.conv2                 | shape: (64, 64, 3, 3)     | unique:  7 | zero= 56.7% +alpha= 18.4% -alpha= 24.9%
  layer2.0.conv1                 | shape: (128, 64, 3, 3)    | unique:  8 | zero= 49.0% +alpha= 21.4% -alpha= 29.7%
  layer2.0.conv2                 | shape: (128, 128, 3, 3)   | unique:  9 | zero= 48.3% +alpha= 22.5% -alpha= 29.2%
  layer2.0.shortcut.0            | shape: (128, 64, 1, 1)    | unique:  3 | zero= 54.6% +alpha= 18.3% -alpha= 27.1%
  layer2.1.conv1                 | shape: (128, 128, 3, 3)   | unique:  3 | zero= 51.0% +alpha= 21.6% -alpha= 27.4%
  layer2.1.conv2                 | shape: (128, 128, 3, 3)   | unique:  7 | zero= 53.0% +alpha= 18.6% -alpha= 28.4%
  layer3.0.conv1                 | shape: (256, 128, 3, 3)   | unique:  7 | zero= 47.6% +alpha= 22.4% -alpha= 29.9%
  layer3.0.conv2                 | shape: (256, 256, 3, 3)   | unique:  5 | zero= 47.7% +alpha= 23.5% -alpha= 28.8%
  layer3.0.shortcut.0            | shape: (256, 128, 1, 1)   | unique:  5 | zero= 51.4% +alpha= 19.4% -alpha= 29.2%
  layer3.1.conv1                 | shape: (256, 256, 3, 3)   | unique: 10 | zero= 49.1% +alpha= 21.6% -alpha= 29.2%
  layer3.1.conv2                 | shape: (256, 256, 3, 3)   | unique:  7 | zero= 53.7% +alpha= 17.3% -alpha= 29.0%
  layer4.0.conv1                 | shape: (512, 256, 3, 3)   | unique:  5 | zero= 47.9% +alpha= 23.3% -alpha= 28.8%
  layer4.0.conv2                 | shape: (512, 512, 3, 3)   | unique:  7 | zero= 51.5% +alpha= 21.2% -alpha= 27.4%
  layer4.0.shortcut.0            | shape: (512, 256, 1, 1)   | unique:  9 | zero= 51.2% +alpha= 20.6% -alpha= 28.1%
  layer4.1.conv1                 | shape: (512, 512, 3, 3)   | unique: 11 | zero= 52.9% +alpha= 17.4% -alpha= 29.7%
  layer4.1.conv2                 | shape: (512, 512, 3, 3)   | unique:  9 | zero= 63.1% +alpha= 12.2% -alpha= 24.7%
  fc                             | shape: (10, 512)          | unique:  5 | zero= 57.7% +alpha= 16.7% -alpha= 25.5%

Running Quantization Behavioral Verification Check...
Mean |logit difference| between quantized and raw-latent forward: 1764.7252
Prediction agreement between the two passes: 10.16%
Quantization is genuinely constraining the model computation.

===========================================================================
MODEL SIZE & BIT-LEVEL COMPRESSION MATHEMATICS (baseline2_temp4_fnl_ternary)
===========================================================================
1. Parameter Count Breakdown:
   - Total Parameters:                       11,173,962
   - Ternary (2-bit packed) Parameters:      11,164,352 ( 99.91%)
   - FP32 Unquantized Parameters:                 9,610 (  0.09%)
   - Layerwise Alpha Scaling Factors:                21 (FP32 scalars)

2. Exact Bitstream Storage Calculation:
   - Ternary Weight Bits : 11,164,352 params x  2 bits =   22,328,704 bits
   - FP32 Parameter Bits :      9,610 params x 32 bits =      307,520 bits
   - Alpha Scaling Bits  :         21 layers x 32 bits =          672 bits
   -------------------------------------------------------------------
   - Total Compressed Bits:                          =   22,636,896 bits
   - Compressed Size: 22,636,896 / (8 x 1024^2)    =         2.70 MB

3. Baseline Comparison & Compression Summary:
   - Full FP32 Baseline Memory Footprint:                   42.63 MB
   - Theoretical 2-Bit Footprint (Deployment):               2.70 MB
   - Mathematical Compression Ratio:                        15.80x
   - Training Checkpoint on Disk (FP32 state_dict):         42.70 MB
===========================================================================


===========================================================================
RUNNING EXPERIMENT: BASELINE3
Configuration: Temp=4.0, KD Lambda=0.5, LabelSmoothing=0.0, QuantizeFirstLast=True
===========================================================================
Epoch   1/200 | lr 0.0201 | train 19.6084/10.65% | val 19.5030/14.78% | test 19.5053/14.04% | 7.6s
Epoch   2/200 | lr 0.0401 | train 19.4299/16.06% | val 19.2463/20.22% | test 19.2368/19.53% | 7.7s
Epoch   3/200 | lr 0.0601 | train 19.1189/19.92% | val 18.7112/24.64% | test 18.6917/24.35% | 7.8s
Epoch   4/200 | lr 0.0801 | train 18.5401/24.99% | val 18.0576/28.88% | test 18.0456/27.96% | 7.6s
Epoch   5/200 | lr 0.1000 | train 18.0833/29.63% | val 17.8537/31.96% | test 17.8198/32.63% | 7.8s
Epoch   6/200 | lr 0.1000 | train 17.7366/34.23% | val 17.5673/35.12% | test 17.5076/36.16% | 7.7s
Epoch   7/200 | lr 0.1000 | train 17.4677/38.24% | val 17.2148/39.68% | test 17.1769/40.36% | 7.8s
Epoch   8/200 | lr 0.0999 | train 17.2635/40.81% | val 17.2401/39.68% | test 17.1835/40.21% | 7.6s
Epoch   9/200 | lr 0.0999 | train 17.0675/43.23% | val 17.5334/36.90% | test 17.5092/37.33% | 7.6s
Epoch  10/200 | lr 0.0998 | train 16.9310/45.28% | val 16.4108/48.92% | test 16.4106/48.83% | 7.7s
Epoch  11/200 | lr 0.0998 | train 16.7017/48.11% | val 16.7121/45.16% | test 16.7156/44.57% | 7.7s
Epoch  12/200 | lr 0.0997 | train 16.5183/50.87% | val 16.3639/50.50% | test 16.3166/50.40% | 7.7s
Epoch  13/200 | lr 0.0996 | train 16.3918/51.96% | val 17.1716/41.34% | test 17.2036/41.89% | 7.6s
Epoch  14/200 | lr 0.0995 | train 16.3028/53.13% | val 16.2590/50.98% | test 16.2409/50.36% | 7.7s
Epoch  15/200 | lr 0.0994 | train 16.3192/52.73% | val 16.8706/48.52% | test 16.9325/48.14% | 7.6s
Epoch  16/200 | lr 0.0992 | train 16.1867/54.43% | val 16.6495/47.92% | test 16.6849/47.87% | 7.6s
Epoch  17/200 | lr 0.0991 | train 16.1769/54.68% | val 16.8644/49.52% | test 16.9427/49.48% | 7.6s
Epoch  18/200 | lr 0.0989 | train 16.2033/54.31% | val 22.3549/22.82% | test 22.3450/23.26% | 7.6s
Epoch  19/200 | lr 0.0987 | train 16.0909/55.58% | val 17.6346/41.54% | test 17.6954/40.47% | 7.6s
Epoch  20/200 | lr 0.0985 | train 16.0512/56.19% | val 18.3902/34.90% | test 18.3869/35.22% | 7.6s
Epoch  21/200 | lr 0.0983 | train 16.0494/56.12% | val 15.6853/57.32% | test 15.6687/56.66% | 7.8s
Epoch  22/200 | lr 0.0981 | train 15.9790/56.81% | val 16.9917/48.82% | test 17.0276/47.61% | 7.6s
Epoch  23/200 | lr 0.0979 | train 15.9282/57.49% | val 20.1143/31.38% | test 20.1369/31.38% | 7.6s
Epoch  24/200 | lr 0.0977 | train 15.9245/57.61% | val 15.6445/57.92% | test 15.6306/57.81% | 7.6s
Epoch  25/200 | lr 0.0974 | train 15.8543/58.45% | val 15.6514/58.76% | test 15.6533/59.50% | 7.7s
Epoch  26/200 | lr 0.0972 | train 15.8897/58.17% | val 15.4841/58.84% | test 15.4943/58.78% | 7.8s
Epoch  27/200 | lr 0.0969 | train 15.8850/58.21% | val 19.7603/32.60% | test 19.8017/32.74% | 7.6s
Epoch  28/200 | lr 0.0966 | train 15.8860/58.14% | val 16.3512/51.28% | test 16.2759/51.55% | 7.6s
Epoch  29/200 | lr 0.0963 | train 15.8235/58.92% | val 15.9665/54.92% | test 16.0154/54.24% | 7.6s
Epoch  30/200 | lr 0.0960 | train 15.8036/59.04% | val 19.5309/31.50% | test 19.5058/31.25% | 7.6s
Epoch  31/200 | lr 0.0957 | train 15.8436/58.87% | val 15.7395/55.90% | test 15.6884/56.52% | 7.6s
Epoch  32/200 | lr 0.0953 | train 15.7917/59.52% | val 16.3773/50.34% | test 16.3739/50.85% | 7.6s
Epoch  33/200 | lr 0.0950 | train 15.8029/59.16% | val 15.8648/55.30% | test 15.8710/56.28% | 7.6s
Epoch  34/200 | lr 0.0946 | train 15.7724/59.47% | val 18.1514/39.46% | test 18.2249/39.14% | 7.6s
Epoch  35/200 | lr 0.0943 | train 15.7950/59.26% | val 15.9886/54.44% | test 16.0187/54.51% | 7.6s
Epoch  36/200 | lr 0.0939 | train 15.8115/59.02% | val 17.5422/42.92% | test 17.5569/43.05% | 7.6s
Epoch  37/200 | lr 0.0935 | train 15.7636/59.78% | val 18.8908/40.56% | test 18.8971/39.97% | 7.6s
Epoch  38/200 | lr 0.0931 | train 15.7208/59.98% | val 15.6393/57.04% | test 15.5673/58.60% | 7.6s
Epoch  39/200 | lr 0.0927 | train 15.7236/60.31% | val 15.9016/56.60% | test 15.8719/56.68% | 7.6s
Epoch  40/200 | lr 0.0923 | train 15.7111/60.36% | val 16.6705/48.98% | test 16.6383/48.99% | 7.6s
Epoch  41/200 | lr 0.0918 | train 15.6754/60.75% | val 20.2639/28.88% | test 20.2364/28.38% | 7.6s
Epoch  42/200 | lr 0.0914 | train 15.6511/60.99% | val 16.1823/54.58% | test 16.2256/53.75% | 7.6s
Epoch  43/200 | lr 0.0909 | train 15.6829/60.64% | val 19.6374/29.56% | test 19.6507/29.90% | 7.6s
Epoch  44/200 | lr 0.0905 | train 15.7026/60.51% | val 15.1471/62.32% | test 15.1596/62.40% | 7.7s
Epoch  45/200 | lr 0.0900 | train 15.6609/60.94% | val 16.7768/49.02% | test 16.7531/49.15% | 7.6s
Epoch  46/200 | lr 0.0895 | train 15.6785/60.69% | val 17.8627/41.18% | test 17.8282/40.79% | 7.6s
Epoch  47/200 | lr 0.0890 | train 15.6530/61.39% | val 15.7110/57.12% | test 15.6632/56.74% | 7.6s
Epoch  48/200 | lr 0.0885 | train 15.6649/60.90% | val 17.8287/43.90% | test 17.7975/44.70% | 7.6s
Epoch  49/200 | lr 0.0880 | train 15.6571/60.97% | val 17.0615/45.20% | test 17.1091/44.20% | 7.6s
Epoch  50/200 | lr 0.0874 | train 15.6099/61.46% | val 15.9536/54.84% | test 15.9604/54.67% | 7.6s
Epoch  51/200 | lr 0.0869 | train 15.6274/61.34% | val 16.2367/52.42% | test 16.2518/52.40% | 7.6s
Epoch  52/200 | lr 0.0863 | train 15.6121/61.38% | val 16.8081/52.88% | test 16.8681/51.25% | 7.6s
Epoch  53/200 | lr 0.0858 | train 15.6563/60.99% | val 19.7782/23.08% | test 19.7068/24.48% | 7.6s
Epoch  54/200 | lr 0.0852 | train 15.6179/61.34% | val 14.9712/63.74% | test 14.9448/64.17% | 7.7s
Epoch  55/200 | lr 0.0846 | train 15.5800/61.87% | val 16.7260/49.62% | test 16.7568/49.60% | 7.6s
Epoch  56/200 | lr 0.0841 | train 15.6244/61.38% | val 15.4865/60.86% | test 15.4666/60.93% | 7.6s
Epoch  57/200 | lr 0.0835 | train 15.6197/61.55% | val 18.1423/38.42% | test 17.9643/39.78% | 7.6s
Epoch  58/200 | lr 0.0829 | train 15.6198/61.53% | val 16.1099/53.54% | test 16.0949/54.72% | 7.6s
Epoch  59/200 | lr 0.0822 | train 15.5768/62.08% | val 16.6360/50.24% | test 16.6157/49.87% | 7.6s
Epoch  60/200 | lr 0.0816 | train 15.5612/62.01% | val 17.8092/41.38% | test 17.8114/41.22% | 7.6s
Epoch  61/200 | lr 0.0810 | train 15.5355/62.51% | val 16.6054/50.40% | test 16.6979/49.71% | 7.6s
Epoch  62/200 | lr 0.0804 | train 15.5365/62.59% | val 15.2766/61.22% | test 15.2516/62.16% | 7.7s
Epoch  63/200 | lr 0.0797 | train 15.5433/62.45% | val 16.0329/53.66% | test 16.0601/52.93% | 7.6s
Epoch  64/200 | lr 0.0791 | train 15.5595/62.20% | val 15.0227/64.32% | test 14.9866/64.77% | 7.7s
Epoch  65/200 | lr 0.0784 | train 15.5380/62.40% | val 15.8685/55.74% | test 15.8043/56.72% | 7.6s
Epoch  66/200 | lr 0.0777 | train 15.5075/62.68% | val 15.5176/59.70% | test 15.5245/59.06% | 7.6s
Epoch  67/200 | lr 0.0771 | train 15.5197/62.65% | val 15.8445/55.92% | test 15.8047/56.05% | 7.6s
Epoch  68/200 | lr 0.0764 | train 15.5403/62.51% | val 17.1112/44.04% | test 17.0993/44.46% | 7.6s
Epoch  69/200 | lr 0.0757 | train 15.5062/62.82% | val 15.4875/60.28% | test 15.4321/61.28% | 7.6s
Epoch  70/200 | lr 0.0750 | train 15.4949/63.02% | val 16.8052/49.00% | test 16.8496/49.19% | 7.6s
Epoch  71/200 | lr 0.0743 | train 15.4841/62.95% | val 15.3713/61.20% | test 15.3539/61.32% | 7.6s
Epoch  72/200 | lr 0.0736 | train 15.4631/63.20% | val 15.9017/56.78% | test 15.8449/57.93% | 7.6s
Epoch  73/200 | lr 0.0729 | train 15.4918/62.90% | val 16.3422/52.60% | test 16.3492/52.26% | 7.6s
Epoch  74/200 | lr 0.0722 | train 15.5571/62.34% | val 15.8164/58.64% | test 15.8922/57.91% | 7.6s
Epoch  75/200 | lr 0.0714 | train 15.5323/62.36% | val 15.4063/61.02% | test 15.3862/60.80% | 7.6s
Epoch  76/200 | lr 0.0707 | train 15.5173/62.61% | val 15.8427/57.96% | test 15.8190/57.53% | 7.6s
Epoch  77/200 | lr 0.0700 | train 15.5069/62.72% | val 15.5875/57.64% | test 15.5662/58.69% | 7.6s
Epoch  78/200 | lr 0.0692 | train 15.4974/62.98% | val 15.9168/56.14% | test 15.9009/56.05% | 7.6s
Epoch  79/200 | lr 0.0685 | train 15.5228/62.55% | val 19.5561/33.24% | test 19.4499/33.41% | 7.6s
Epoch  80/200 | lr 0.0677 | train 15.4638/63.29% | val 16.1389/54.76% | test 16.0703/55.55% | 7.6s
Epoch  81/200 | lr 0.0670 | train 15.4573/63.43% | val 16.8174/48.64% | test 16.7466/48.98% | 7.6s
Epoch  82/200 | lr 0.0662 | train 15.4614/63.30% | val 15.3129/61.26% | test 15.3612/60.93% | 7.6s
Epoch  83/200 | lr 0.0655 | train 15.4505/63.14% | val 17.3095/46.56% | test 17.3124/46.17% | 7.6s
Epoch  84/200 | lr 0.0647 | train 15.4300/63.53% | val 15.3741/61.38% | test 15.4146/60.85% | 7.6s
Epoch  85/200 | lr 0.0639 | train 15.4170/63.83% | val 15.7638/58.46% | test 15.7760/57.08% | 7.6s
Epoch  86/200 | lr 0.0631 | train 15.4179/64.04% | val 16.3304/54.12% | test 16.3223/53.66% | 7.6s
Epoch  87/200 | lr 0.0624 | train 15.4299/63.58% | val 15.7013/58.00% | test 15.7687/57.64% | 7.6s
Epoch  88/200 | lr 0.0616 | train 15.3683/64.33% | val 16.3103/54.12% | test 16.3203/53.32% | 7.6s
Epoch  89/200 | lr 0.0608 | train 15.4283/63.72% | val 15.0444/62.62% | test 15.0571/63.61% | 7.6s
Epoch  90/200 | lr 0.0600 | train 15.3740/64.30% | val 15.2250/62.76% | test 15.2301/62.98% | 7.6s
Epoch  91/200 | lr 0.0592 | train 15.3540/64.23% | val 16.3874/51.54% | test 16.4316/50.56% | 7.6s
Epoch  92/200 | lr 0.0584 | train 15.3851/64.22% | val 14.6058/69.34% | test 14.6099/68.70% | 7.7s
Epoch  93/200 | lr 0.0576 | train 15.3894/63.94% | val 16.3512/53.78% | test 16.3324/54.74% | 7.7s
Epoch  94/200 | lr 0.0568 | train 15.3530/64.60% | val 15.5610/58.70% | test 15.5684/59.06% | 7.7s
Epoch  95/200 | lr 0.0560 | train 15.3193/64.67% | val 15.1119/63.92% | test 15.1213/63.56% | 7.6s
Epoch  96/200 | lr 0.0552 | train 15.3582/64.26% | val 15.1789/61.98% | test 15.2017/62.22% | 7.6s
Epoch  97/200 | lr 0.0544 | train 15.3716/64.24% | val 15.5849/58.14% | test 15.6159/57.88% | 7.6s
Epoch  98/200 | lr 0.0536 | train 15.3570/64.44% | val 15.4115/61.52% | test 15.3993/61.49% | 7.6s
Epoch  99/200 | lr 0.0528 | train 15.3268/64.68% | val 15.5048/60.62% | test 15.5392/60.30% | 7.6s
Epoch 100/200 | lr 0.0520 | train 15.3220/64.54% | val 14.6280/68.52% | test 14.5728/69.00% | 7.6s
Epoch 101/200 | lr 0.0512 | train 15.3516/64.51% | val 15.6027/58.04% | test 15.5190/59.49% | 7.6s
Epoch 102/200 | lr 0.0504 | train 15.3232/64.86% | val 14.6630/68.16% | test 14.6503/68.88% | 7.6s
Epoch 103/200 | lr 0.0496 | train 15.3191/64.82% | val 15.2361/61.36% | test 15.2325/61.38% | 7.6s
Epoch 104/200 | lr 0.0488 | train 15.3441/64.61% | val 16.9767/48.14% | test 16.9449/48.21% | 7.6s
Epoch 105/200 | lr 0.0480 | train 15.3108/64.65% | val 14.8089/66.14% | test 14.7564/66.51% | 7.6s
Epoch 106/200 | lr 0.0472 | train 15.2701/65.15% | val 15.3519/60.02% | test 15.3551/60.98% | 7.6s
Epoch 107/200 | lr 0.0464 | train 15.2911/64.86% | val 15.0114/64.26% | test 15.0310/64.14% | 7.6s
Epoch 108/200 | lr 0.0456 | train 15.2627/65.21% | val 14.5069/69.76% | test 14.5408/69.31% | 7.7s
Epoch 109/200 | lr 0.0448 | train 15.2641/65.29% | val 16.7833/51.04% | test 16.7411/51.24% | 7.7s
Epoch 110/200 | lr 0.0440 | train 15.2696/65.34% | val 18.4147/38.76% | test 18.3545/39.01% | 7.6s
Epoch 111/200 | lr 0.0432 | train 15.2590/65.16% | val 15.8641/56.02% | test 15.8436/55.96% | 7.6s
Epoch 112/200 | lr 0.0424 | train 15.2395/65.85% | val 15.0978/63.76% | test 15.0324/64.01% | 7.6s
Epoch 113/200 | lr 0.0416 | train 15.2510/65.65% | val 14.6177/67.34% | test 14.6303/67.63% | 7.6s
Epoch 114/200 | lr 0.0408 | train 15.2115/66.02% | val 16.0593/56.72% | test 16.0878/56.40% | 7.7s
Epoch 115/200 | lr 0.0400 | train 15.2336/65.87% | val 15.3829/62.04% | test 15.3833/62.10% | 7.6s
Epoch 116/200 | lr 0.0392 | train 15.2324/65.89% | val 15.7763/57.18% | test 15.7450/58.05% | 7.6s
Epoch 117/200 | lr 0.0384 | train 15.2218/65.82% | val 14.6475/67.74% | test 14.6166/68.68% | 7.6s
Epoch 118/200 | lr 0.0376 | train 15.2392/65.75% | val 15.5999/59.54% | test 15.5466/60.25% | 7.6s
Epoch 119/200 | lr 0.0369 | train 15.1822/66.41% | val 15.6560/57.56% | test 15.6539/57.64% | 7.6s
Epoch 120/200 | lr 0.0361 | train 15.1850/66.34% | val 14.7369/67.78% | test 14.6971/68.66% | 7.6s
Epoch 121/200 | lr 0.0353 | train 15.1787/66.38% | val 14.9413/66.40% | test 14.8799/66.97% | 7.6s
Epoch 122/200 | lr 0.0345 | train 15.1765/66.23% | val 15.0523/63.86% | test 15.0281/64.21% | 7.6s
Epoch 123/200 | lr 0.0338 | train 15.2022/66.06% | val 14.9074/65.66% | test 14.9392/65.23% | 7.6s
Epoch 124/200 | lr 0.0330 | train 15.1684/66.48% | val 16.1623/56.34% | test 16.0984/56.87% | 7.6s
Epoch 125/200 | lr 0.0323 | train 15.1665/66.56% | val 14.9730/64.80% | test 14.9717/65.36% | 7.6s
Epoch 126/200 | lr 0.0315 | train 15.1548/66.53% | val 14.5551/68.88% | test 14.5612/69.23% | 7.6s
Epoch 127/200 | lr 0.0308 | train 15.1230/66.83% | val 14.2386/72.18% | test 14.2535/72.34% | 7.8s
Epoch 128/200 | lr 0.0300 | train 15.1332/66.92% | val 15.0478/64.38% | test 15.0966/64.52% | 7.7s
Epoch 129/200 | lr 0.0293 | train 15.1438/66.96% | val 14.9785/64.48% | test 14.9650/64.91% | 7.6s
Epoch 130/200 | lr 0.0286 | train 15.0933/67.46% | val 15.3306/62.80% | test 15.3145/62.51% | 7.6s
Epoch 131/200 | lr 0.0278 | train 15.1127/67.40% | val 14.4027/70.78% | test 14.3738/71.12% | 7.6s
Epoch 132/200 | lr 0.0271 | train 15.1074/67.45% | val 14.7106/67.70% | test 14.6825/68.48% | 7.6s
Epoch 133/200 | lr 0.0264 | train 15.0759/67.73% | val 14.2930/72.18% | test 14.3035/72.42% | 7.6s
Epoch 134/200 | lr 0.0257 | train 15.0750/67.80% | val 16.7535/50.12% | test 16.6928/50.85% | 7.6s
Epoch 135/200 | lr 0.0250 | train 15.0751/67.57% | val 15.0953/64.84% | test 15.1188/64.42% | 7.7s
Epoch 136/200 | lr 0.0243 | train 15.0523/67.84% | val 14.5812/68.22% | test 14.5246/69.09% | 7.6s
Epoch 137/200 | lr 0.0236 | train 15.0696/67.59% | val 15.4105/61.64% | test 15.4169/61.74% | 7.6s
Epoch 138/200 | lr 0.0229 | train 15.0492/67.68% | val 14.2331/72.46% | test 14.2468/72.34% | 7.7s
Epoch 139/200 | lr 0.0223 | train 14.9997/68.67% | val 14.3843/71.50% | test 14.3957/70.88% | 7.7s
Epoch 140/200 | lr 0.0216 | train 15.0096/68.40% | val 15.2788/63.76% | test 15.3301/63.47% | 7.6s
Epoch 141/200 | lr 0.0209 | train 14.9873/68.60% | val 14.8232/65.86% | test 14.8588/65.37% | 7.6s
Epoch 142/200 | lr 0.0203 | train 14.9919/68.65% | val 14.6746/68.06% | test 14.7051/68.43% | 7.6s
Epoch 143/200 | lr 0.0196 | train 14.9721/68.75% | val 14.0552/74.46% | test 14.0457/74.50% | 7.8s
Epoch 144/200 | lr 0.0190 | train 14.9739/68.79% | val 14.1620/73.02% | test 14.1621/72.91% | 7.6s
Epoch 145/200 | lr 0.0184 | train 14.9551/69.05% | val 14.6288/68.66% | test 14.5733/68.92% | 7.6s
Epoch 146/200 | lr 0.0178 | train 14.9474/69.26% | val 14.3990/70.68% | test 14.3939/70.77% | 7.6s
Epoch 147/200 | lr 0.0171 | train 14.9465/69.12% | val 14.0209/74.90% | test 14.0353/75.16% | 7.7s
Epoch 148/200 | lr 0.0165 | train 14.9489/69.11% | val 14.3927/70.90% | test 14.4386/70.21% | 7.7s
Epoch 149/200 | lr 0.0159 | train 14.9423/69.22% | val 14.2138/72.30% | test 14.1997/72.93% | 7.6s
Epoch 150/200 | lr 0.0154 | train 14.9183/69.58% | val 13.9804/74.68% | test 13.9738/75.34% | 7.6s
Epoch 151/200 | lr 0.0148 | train 14.9112/69.56% | val 13.9280/75.50% | test 13.9205/76.16% | 7.7s
Epoch 152/200 | lr 0.0142 | train 14.9136/69.74% | val 14.1973/73.04% | test 14.1878/73.39% | 7.6s
Epoch 153/200 | lr 0.0137 | train 14.9127/69.69% | val 13.8515/75.88% | test 13.8435/76.81% | 7.9s
Epoch 154/200 | lr 0.0131 | train 14.8640/70.29% | val 13.8901/75.94% | test 13.8559/76.62% | 7.7s
Epoch 155/200 | lr 0.0126 | train 14.8790/70.12% | val 13.9097/75.48% | test 13.8767/76.37% | 7.6s
Epoch 156/200 | lr 0.0120 | train 14.8723/70.23% | val 13.8534/76.00% | test 13.8572/76.89% | 7.7s
Epoch 157/200 | lr 0.0115 | train 14.8593/70.26% | val 14.1934/72.74% | test 14.2064/73.37% | 7.6s
Epoch 158/200 | lr 0.0110 | train 14.8665/70.20% | val 13.8069/77.24% | test 13.8268/76.82% | 7.7s
Epoch 159/200 | lr 0.0105 | train 14.8365/70.62% | val 13.8049/76.96% | test 13.8160/77.18% | 7.6s
Epoch 160/200 | lr 0.0100 | train 14.8437/70.34% | val 13.8635/76.68% | test 13.8814/76.59% | 7.6s
Epoch 161/200 | lr 0.0095 | train 14.8425/70.83% | val 13.8136/76.70% | test 13.8133/77.19% | 7.6s
Epoch 162/200 | lr 0.0091 | train 14.8344/70.49% | val 13.7437/77.76% | test 13.7533/77.52% | 7.8s
Epoch 163/200 | lr 0.0086 | train 14.8368/70.62% | val 13.7692/77.44% | test 13.7970/77.04% | 7.6s
Epoch 164/200 | lr 0.0082 | train 14.8213/70.89% | val 13.8007/76.66% | test 13.7990/76.97% | 7.6s
Epoch 165/200 | lr 0.0077 | train 14.8372/70.73% | val 13.7460/78.10% | test 13.7413/77.83% | 7.7s
Epoch 166/200 | lr 0.0073 | train 14.8119/70.94% | val 13.7470/77.36% | test 13.7585/77.48% | 7.6s
Epoch 167/200 | lr 0.0069 | train 14.8210/71.07% | val 13.8065/76.74% | test 13.7972/77.25% | 7.6s
Epoch 168/200 | lr 0.0065 | train 14.8141/70.99% | val 13.7401/77.50% | test 13.7445/78.01% | 7.6s
Epoch 169/200 | lr 0.0061 | train 14.8228/71.16% | val 13.7340/77.50% | test 13.7377/77.99% | 7.6s
Epoch 170/200 | lr 0.0057 | train 14.8133/70.91% | val 13.7267/77.78% | test 13.7400/77.94% | 7.6s
Epoch 171/200 | lr 0.0054 | train 14.8107/70.85% | val 13.7426/77.56% | test 13.7379/78.06% | 7.6s
Epoch 172/200 | lr 0.0050 | train 14.8063/71.11% | val 13.7416/77.18% | test 13.7500/77.74% | 7.6s
Epoch 173/200 | lr 0.0047 | train 14.8136/71.05% | val 13.7811/77.04% | test 13.7927/77.32% | 7.6s
Epoch 174/200 | lr 0.0043 | train 14.7925/71.31% | val 13.7418/77.44% | test 13.7524/77.80% | 7.6s
Epoch 175/200 | lr 0.0040 | train 14.8084/71.10% | val 13.7396/77.48% | test 13.7264/78.20% | 7.6s
Epoch 176/200 | lr 0.0037 | train 14.7967/71.11% | val 13.7103/77.74% | test 13.7091/78.35% | 7.6s
Epoch 177/200 | lr 0.0034 | train 14.7897/71.31% | val 13.7400/77.54% | test 13.7373/77.82% | 7.6s
Epoch 178/200 | lr 0.0031 | train 14.7920/71.45% | val 13.7441/77.34% | test 13.7440/77.85% | 7.6s
Epoch 179/200 | lr 0.0028 | train 14.8067/70.90% | val 13.7145/78.18% | test 13.7070/78.25% | 7.7s
Epoch 180/200 | lr 0.0026 | train 14.7845/71.41% | val 13.7092/77.62% | test 13.7129/78.38% | 7.6s
Epoch 181/200 | lr 0.0023 | train 14.7972/71.33% | val 13.7230/77.44% | test 13.7272/78.06% | 7.6s
Epoch 182/200 | lr 0.0021 | train 14.7980/71.29% | val 13.7125/77.66% | test 13.7175/78.14% | 7.6s
Epoch 183/200 | lr 0.0019 | train 14.8076/71.03% | val 13.7223/78.02% | test 13.7244/78.09% | 7.6s
Epoch 184/200 | lr 0.0017 | train 14.7822/71.45% | val 13.7094/78.20% | test 13.7210/78.21% | 7.7s
Epoch 185/200 | lr 0.0015 | train 14.7907/71.27% | val 13.7046/77.84% | test 13.7077/78.22% | 7.6s
Epoch 186/200 | lr 0.0013 | train 14.7827/71.47% | val 13.7018/78.02% | test 13.7163/78.09% | 7.6s
Epoch 187/200 | lr 0.0011 | train 14.7842/71.49% | val 13.7128/77.84% | test 13.7146/78.20% | 7.6s
Epoch 188/200 | lr 0.0009 | train 14.7949/71.30% | val 13.7122/77.92% | test 13.7203/78.24% | 7.6s
Epoch 189/200 | lr 0.0008 | train 14.7867/71.20% | val 13.7155/77.72% | test 13.7273/78.21% | 7.6s
Epoch 190/200 | lr 0.0006 | train 14.7618/71.62% | val 13.7161/77.78% | test 13.7298/77.99% | 7.6s
Epoch 191/200 | lr 0.0005 | train 14.7797/71.31% | val 13.7050/78.00% | test 13.7075/78.26% | 7.6s
Epoch 192/200 | lr 0.0004 | train 14.7598/71.71% | val 13.6946/77.98% | test 13.6983/78.23% | 7.6s
Epoch 193/200 | lr 0.0003 | train 14.7795/71.63% | val 13.6995/78.10% | test 13.7062/78.29% | 7.6s
Epoch 194/200 | lr 0.0002 | train 14.7608/71.70% | val 13.7008/78.06% | test 13.7075/78.16% | 7.6s
Epoch 195/200 | lr 0.0002 | train 14.7710/71.24% | val 13.6983/78.04% | test 13.7056/78.22% | 7.6s
Epoch 196/200 | lr 0.0001 | train 14.7766/71.47% | val 13.6969/77.70% | test 13.7050/78.18% | 7.6s
Epoch 197/200 | lr 0.0001 | train 14.7804/71.50% | val 13.6988/77.92% | test 13.7064/78.20% | 7.6s
Epoch 198/200 | lr 0.0000 | train 14.7830/71.46% | val 13.7122/78.04% | test 13.7172/78.24% | 7.6s
Epoch 199/200 | lr 0.0000 | train 14.7752/71.46% | val 13.7037/77.74% | test 13.7091/78.24% | 7.6s
Epoch 200/200 | lr 0.0000 | train 14.7685/71.62% | val 13.7046/78.16% | test 13.7127/78.19% | 7.6s

BASELINE3 Training Complete in 0.42 hours. Best Val Acc: 78.20% (Saved: baseline3_temp4_fnl_ternary_best.pth)
Saved training curves to 'baseline3_temp4_fnl_ternary_curves.png'.
Saved weight histograms to 'baseline3_temp4_fnl_ternary_histograms.png'.

Final Best Checkpoint Test Accuracy: 78.21% (Loss: 13.7210)

Per-layer weight shape, unique quantized weights, and ternary sparsity:
  conv1                          | shape: (64, 3, 3, 3)      | unique:  3 | zero= 34.3% +alpha= 28.9% -alpha= 36.8%
  layer1.0.conv1                 | shape: (64, 64, 3, 3)     | unique:  3 | zero= 34.0% +alpha= 32.3% -alpha= 33.7%
  layer1.0.conv2                 | shape: (64, 64, 3, 3)     | unique:  3 | zero= 33.9% +alpha= 32.4% -alpha= 33.6%
  layer1.1.conv1                 | shape: (64, 64, 3, 3)     | unique:  3 | zero= 35.2% +alpha= 32.1% -alpha= 32.6%
  layer1.1.conv2                 | shape: (64, 64, 3, 3)     | unique:  3 | zero= 34.5% +alpha= 31.6% -alpha= 33.8%
  layer2.0.conv1                 | shape: (128, 64, 3, 3)    | unique:  3 | zero= 34.3% +alpha= 31.4% -alpha= 34.3%
  layer2.0.conv2                 | shape: (128, 128, 3, 3)   | unique:  3 | zero= 34.4% +alpha= 31.5% -alpha= 34.1%
  layer2.0.shortcut.0            | shape: (128, 64, 1, 1)    | unique:  3 | zero= 33.5% +alpha= 31.8% -alpha= 34.8%
  layer2.1.conv1                 | shape: (128, 128, 3, 3)   | unique:  3 | zero= 34.3% +alpha= 31.4% -alpha= 34.3%
  layer2.1.conv2                 | shape: (128, 128, 3, 3)   | unique:  3 | zero= 34.1% +alpha= 31.6% -alpha= 34.3%
  layer3.0.conv1                 | shape: (256, 128, 3, 3)   | unique:  3 | zero= 34.2% +alpha= 30.9% -alpha= 34.9%
  layer3.0.conv2                 | shape: (256, 256, 3, 3)   | unique:  3 | zero= 34.3% +alpha= 31.1% -alpha= 34.6%
  layer3.0.shortcut.0            | shape: (256, 128, 1, 1)   | unique:  3 | zero= 33.7% +alpha= 30.4% -alpha= 35.9%
  layer3.1.conv1                 | shape: (256, 256, 3, 3)   | unique:  3 | zero= 34.3% +alpha= 30.9% -alpha= 34.8%
  layer3.1.conv2                 | shape: (256, 256, 3, 3)   | unique:  3 | zero= 34.3% +alpha= 31.8% -alpha= 33.9%
  layer4.0.conv1                 | shape: (512, 256, 3, 3)   | unique:  3 | zero= 34.9% +alpha= 32.0% -alpha= 33.1%
  layer4.0.conv2                 | shape: (512, 512, 3, 3)   | unique:  3 | zero= 35.1% +alpha= 31.7% -alpha= 33.2%
  layer4.0.shortcut.0            | shape: (512, 256, 1, 1)   | unique:  3 | zero= 34.2% +alpha= 31.4% -alpha= 34.3%
  layer4.1.conv1                 | shape: (512, 512, 3, 3)   | unique:  3 | zero= 36.5% +alpha= 31.9% -alpha= 31.7%
  layer4.1.conv2                 | shape: (512, 512, 3, 3)   | unique:  3 | zero= 36.1% +alpha= 31.5% -alpha= 32.3%
  fc                             | shape: (10, 512)          | unique:  3 | zero= 37.9% +alpha= 31.8% -alpha= 30.3%

===========================================================================
MODEL SIZE & BIT-LEVEL COMPRESSION MATHEMATICS (baseline3_temp4_fnl_ternary)
===========================================================================
1. Parameter Count Breakdown:
   - Total Parameters:                       11,173,962
   - Ternary (2-bit packed) Parameters:      11,164,352 ( 99.91%)
   - FP32 Unquantized Parameters:                 9,610 (  0.09%)
   - Layerwise Alpha Scaling Factors:                21 (FP32 scalars)

2. Exact Bitstream Storage Calculation:
   - Ternary Weight Bits : 11,164,352 params x  2 bits =   22,328,704 bits
   - FP32 Parameter Bits :      9,610 params x 32 bits =      307,520 bits
   - Alpha Scaling Bits  :         21 layers x 32 bits =          672 bits
   -------------------------------------------------------------------
   - Total Compressed Bits:                          =   22,636,896 bits
   - Compressed Size: 22,636,896 / (8 x 1024^2)    =         2.70 MB

3. Baseline Comparison & Compression Summary:
   - Full FP32 Baseline Memory Footprint:                   42.63 MB
   - Theoretical 2-Bit Footprint (Deployment):               2.70 MB
   - Mathematical Compression Ratio:                        15.80x
   - Training Checkpoint on Disk (FP32 state_dict):         42.70 MB
===========================================================================


===========================================================================
RUNNING EXPERIMENT: BASELINE4
Configuration: Temp=4.0, KD Lambda=0.5, LabelSmoothing=0.0, QuantizeFirstLast=True
===========================================================================
Epoch   1/200 | lr 0.0201 | train 17.4925/37.89% | val 17.0744/46.62% | test 17.0637/46.89% | 7.7s
Epoch   2/200 | lr 0.0401 | train 16.0947/55.79% | val 15.7095/58.92% | test 15.6744/59.00% | 7.9s
Epoch   3/200 | lr 0.0601 | train 15.4685/63.15% | val 14.3054/71.14% | test 14.3500/70.71% | 7.9s
Epoch   4/200 | lr 0.0801 | train 14.9658/68.52% | val 14.3339/71.40% | test 14.3627/71.55% | 7.9s
Epoch   5/200 | lr 0.1000 | train 14.6974/71.73% | val 14.1426/73.22% | test 14.1926/72.89% | 7.8s
Epoch   6/200 | lr 0.1000 | train 14.4973/73.75% | val 14.0043/74.10% | test 14.0398/74.68% | 7.9s
Epoch   7/200 | lr 0.1000 | train 14.3377/75.52% | val 13.7322/77.12% | test 13.7215/77.74% | 7.9s
Epoch   8/200 | lr 0.0999 | train 14.2273/76.63% | val 13.4263/81.16% | test 13.3996/80.92% | 7.8s
Epoch   9/200 | lr 0.0999 | train 14.1528/77.33% | val 13.7247/77.58% | test 13.7496/77.45% | 7.7s
Epoch  10/200 | lr 0.0998 | train 14.0664/78.32% | val 13.3148/81.88% | test 13.3487/82.03% | 7.8s
Epoch  11/200 | lr 0.0998 | train 14.0251/78.71% | val 13.7099/77.68% | test 13.7796/77.70% | 7.7s
Epoch  12/200 | lr 0.0997 | train 13.9829/79.12% | val 13.3373/81.64% | test 13.3473/81.32% | 7.7s
Epoch  13/200 | lr 0.0996 | train 13.9382/79.66% | val 13.4344/80.98% | test 13.4647/79.83% | 7.7s
Epoch  14/200 | lr 0.0995 | train 13.9175/79.97% | val 14.6496/71.12% | test 14.7102/70.08% | 7.7s
Epoch  15/200 | lr 0.0994 | train 13.9200/80.02% | val 13.2407/81.74% | test 13.2057/81.98% | 7.7s
Epoch  16/200 | lr 0.0992 | train 13.8604/80.52% | val 13.2513/82.08% | test 13.2566/82.07% | 7.9s
Epoch  17/200 | lr 0.0991 | train 13.8386/80.96% | val 13.9251/76.80% | test 13.9355/76.56% | 7.8s
Epoch  18/200 | lr 0.0989 | train 13.8544/80.62% | val 13.3641/81.04% | test 13.3867/81.36% | 7.7s
Epoch  19/200 | lr 0.0987 | train 13.7833/81.26% | val 13.0298/84.04% | test 13.0544/84.09% | 7.8s
Epoch  20/200 | lr 0.0985 | train 13.7845/81.23% | val 13.7060/78.82% | test 13.7358/78.41% | 7.7s
Epoch  21/200 | lr 0.0983 | train 13.7774/81.43% | val 13.2257/82.22% | test 13.2564/82.11% | 7.8s
Epoch  22/200 | lr 0.0981 | train 13.7698/81.51% | val 13.6588/77.76% | test 13.6098/78.48% | 7.7s
Epoch  23/200 | lr 0.0979 | train 13.7399/81.96% | val 13.1135/84.10% | test 13.1226/83.90% | 7.8s
Epoch  24/200 | lr 0.0977 | train 13.7457/81.92% | val 12.9628/85.56% | test 13.0195/84.56% | 7.8s
Epoch  25/200 | lr 0.0974 | train 13.7140/82.12% | val 12.8881/85.72% | test 12.8855/86.11% | 7.8s
Epoch  26/200 | lr 0.0972 | train 13.7326/81.98% | val 13.3149/82.58% | test 13.3727/81.89% | 7.7s
Epoch  27/200 | lr 0.0969 | train 13.6858/82.44% | val 13.2393/82.50% | test 13.3083/82.22% | 7.7s
Epoch  28/200 | lr 0.0966 | train 13.6861/82.47% | val 13.0531/84.78% | test 13.1445/82.94% | 7.7s
Epoch  29/200 | lr 0.0963 | train 13.6887/82.43% | val 13.0666/83.96% | test 13.0899/83.61% | 7.7s
Epoch  30/200 | lr 0.0960 | train 13.6706/82.60% | val 13.5232/80.22% | test 13.6253/79.49% | 7.7s
Epoch  31/200 | lr 0.0957 | train 13.6728/82.54% | val 12.9319/84.92% | test 12.9478/84.79% | 7.7s
Epoch  32/200 | lr 0.0953 | train 13.6252/82.87% | val 13.0962/83.56% | test 13.1793/83.34% | 7.7s
Epoch  33/200 | lr 0.0950 | train 13.6395/82.92% | val 12.9246/85.06% | test 12.9577/84.61% | 7.7s
Epoch  34/200 | lr 0.0946 | train 13.6250/83.30% | val 13.0580/83.54% | test 13.0953/83.47% | 7.7s
Epoch  35/200 | lr 0.0943 | train 13.6213/82.94% | val 12.8367/85.46% | test 12.8752/85.23% | 7.7s
Epoch  36/200 | lr 0.0939 | train 13.6208/83.07% | val 12.9937/84.48% | test 13.0365/84.67% | 7.7s
Epoch  37/200 | lr 0.0935 | train 13.6028/83.35% | val 13.1586/84.12% | test 13.1227/83.39% | 7.7s
Epoch  38/200 | lr 0.0931 | train 13.6090/83.30% | val 13.0761/83.42% | test 13.1083/82.90% | 7.7s
Epoch  39/200 | lr 0.0927 | train 13.5917/83.41% | val 13.2034/83.06% | test 13.2342/82.06% | 7.7s
Epoch  40/200 | lr 0.0923 | train 13.5873/83.41% | val 13.1898/81.96% | test 13.1962/82.12% | 7.7s
Epoch  41/200 | lr 0.0918 | train 13.5621/83.63% | val 13.0624/84.00% | test 13.1581/82.93% | 7.7s
Epoch  42/200 | lr 0.0914 | train 13.5674/83.79% | val 12.7375/86.60% | test 12.7894/86.40% | 7.7s
Epoch  43/200 | lr 0.0909 | train 13.5674/83.65% | val 12.8567/85.62% | test 12.9081/85.12% | 7.7s
Epoch  44/200 | lr 0.0905 | train 13.5563/83.65% | val 13.1222/84.20% | test 13.1776/83.39% | 7.7s
Epoch  45/200 | lr 0.0900 | train 13.5721/83.50% | val 13.2850/82.16% | test 13.3222/81.23% | 7.7s
Epoch  46/200 | lr 0.0895 | train 13.5488/83.96% | val 12.8508/85.68% | test 12.8374/86.33% | 7.7s
Epoch  47/200 | lr 0.0890 | train 13.5228/84.16% | val 12.7488/87.34% | test 12.7770/86.70% | 7.9s
Epoch  48/200 | lr 0.0885 | train 13.5376/83.94% | val 12.7813/86.88% | test 12.8210/86.30% | 7.7s
Epoch  49/200 | lr 0.0880 | train 13.5137/84.18% | val 12.9308/85.76% | test 12.9201/85.57% | 7.7s
Epoch  50/200 | lr 0.0874 | train 13.5096/84.17% | val 12.9061/85.44% | test 12.9491/85.07% | 7.7s
Epoch  51/200 | lr 0.0869 | train 13.5095/84.40% | val 13.1237/84.26% | test 13.1523/83.77% | 7.7s
Epoch  52/200 | lr 0.0863 | train 13.5245/84.16% | val 12.6418/87.32% | test 12.7216/87.14% | 7.7s
Epoch  53/200 | lr 0.0858 | train 13.5089/84.24% | val 12.7628/86.88% | test 12.8348/86.09% | 7.7s
Epoch  54/200 | lr 0.0852 | train 13.4815/84.73% | val 13.0179/84.28% | test 13.0150/84.39% | 7.7s
Epoch  55/200 | lr 0.0846 | train 13.4836/84.50% | val 12.7661/86.60% | test 12.7558/86.73% | 7.7s
Epoch  56/200 | lr 0.0841 | train 13.4716/84.68% | val 12.9881/84.66% | test 12.9822/84.31% | 7.7s
Epoch  57/200 | lr 0.0835 | train 13.4888/84.56% | val 12.9167/85.54% | test 12.9696/84.72% | 7.7s
Epoch  58/200 | lr 0.0829 | train 13.4722/84.78% | val 13.5066/80.58% | test 13.5289/79.79% | 7.8s
Epoch  59/200 | lr 0.0822 | train 13.4839/84.47% | val 12.8951/85.34% | test 12.8995/85.07% | 7.7s
Epoch  60/200 | lr 0.0816 | train 13.4385/85.12% | val 12.6868/86.82% | test 12.7828/86.28% | 7.7s
Epoch  61/200 | lr 0.0810 | train 13.4732/84.75% | val 12.7902/86.70% | test 12.8671/85.50% | 7.7s
Epoch  62/200 | lr 0.0804 | train 13.4580/84.84% | val 13.0817/83.70% | test 13.2107/82.70% | 7.7s
Epoch  63/200 | lr 0.0797 | train 13.4307/85.14% | val 12.7098/87.20% | test 12.8009/86.28% | 7.7s
Epoch  64/200 | lr 0.0791 | train 13.4406/85.02% | val 12.9516/85.60% | test 13.0297/84.43% | 7.7s
Epoch  65/200 | lr 0.0784 | train 13.4393/85.12% | val 12.8459/86.42% | test 12.8995/85.78% | 7.7s
Epoch  66/200 | lr 0.0777 | train 13.4230/85.25% | val 12.7123/87.52% | test 12.7857/86.54% | 7.9s
Epoch  67/200 | lr 0.0771 | train 13.4283/85.09% | val 12.8444/85.72% | test 12.9303/85.48% | 7.7s
Epoch  68/200 | lr 0.0764 | train 13.4174/85.27% | val 13.0293/84.02% | test 13.0486/83.67% | 7.7s
Epoch  69/200 | lr 0.0757 | train 13.4184/85.22% | val 12.8511/85.40% | test 12.8574/85.90% | 7.7s
Epoch  70/200 | lr 0.0750 | train 13.3870/85.78% | val 12.8050/86.42% | test 12.8646/85.72% | 7.7s
Epoch  71/200 | lr 0.0743 | train 13.3781/85.76% | val 12.6064/88.66% | test 12.6493/87.91% | 7.8s
Epoch  72/200 | lr 0.0736 | train 13.3995/85.57% | val 12.6172/87.82% | test 12.6656/87.77% | 7.7s
Epoch  73/200 | lr 0.0729 | train 13.3837/85.80% | val 12.7705/86.86% | test 12.7648/87.10% | 7.7s
Epoch  74/200 | lr 0.0722 | train 13.3754/85.75% | val 12.9237/85.42% | test 12.9695/85.10% | 7.7s
Epoch  75/200 | lr 0.0714 | train 13.3670/85.60% | val 12.9628/84.76% | test 13.0272/84.54% | 7.7s
Epoch  76/200 | lr 0.0707 | train 13.3627/85.92% | val 12.7136/87.56% | test 12.7495/87.05% | 7.7s
Epoch  77/200 | lr 0.0700 | train 13.3600/85.84% | val 12.6150/88.34% | test 12.6528/87.96% | 7.7s
Epoch  78/200 | lr 0.0692 | train 13.3417/86.07% | val 12.5419/88.78% | test 12.5937/88.34% | 7.7s
Epoch  79/200 | lr 0.0685 | train 13.3281/86.02% | val 12.7517/86.82% | test 12.8350/86.03% | 7.7s
Epoch  80/200 | lr 0.0677 | train 13.3191/86.32% | val 12.5942/88.90% | test 12.6566/87.80% | 7.8s
Epoch  81/200 | lr 0.0670 | train 13.3259/86.09% | val 12.5253/88.90% | test 12.5836/88.46% | 7.7s
Epoch  82/200 | lr 0.0662 | train 13.3124/86.47% | val 12.6180/88.38% | test 12.6559/87.82% | 7.7s
Epoch  83/200 | lr 0.0655 | train 13.3022/86.57% | val 12.6181/88.36% | test 12.7294/87.06% | 7.7s
Epoch  84/200 | lr 0.0647 | train 13.2951/86.51% | val 12.5222/89.04% | test 12.6061/88.53% | 7.8s
Epoch  85/200 | lr 0.0639 | train 13.2874/86.56% | val 13.0752/84.62% | test 13.1496/83.24% | 7.7s
Epoch  86/200 | lr 0.0631 | train 13.2757/86.70% | val 12.6035/88.58% | test 12.6516/88.26% | 7.7s
Epoch  87/200 | lr 0.0624 | train 13.2632/86.79% | val 12.6277/88.24% | test 12.7123/87.02% | 7.7s
Epoch  88/200 | lr 0.0616 | train 13.2556/87.04% | val 12.5332/88.68% | test 12.5791/88.83% | 7.7s
Epoch  89/200 | lr 0.0608 | train 13.2529/87.05% | val 12.6089/88.52% | test 12.6755/87.44% | 7.7s
Epoch  90/200 | lr 0.0600 | train 13.2514/87.09% | val 12.7548/87.08% | test 12.7927/86.72% | 7.7s
Epoch  91/200 | lr 0.0592 | train 13.2223/87.39% | val 12.5736/89.04% | test 12.6207/88.32% | 7.7s
Epoch  92/200 | lr 0.0584 | train 13.2288/87.37% | val 12.6410/88.12% | test 12.6871/87.65% | 7.7s
Epoch  93/200 | lr 0.0576 | train 13.2074/87.41% | val 12.9533/85.32% | test 13.0055/84.98% | 7.7s
Epoch  94/200 | lr 0.0568 | train 13.2090/87.49% | val 12.7395/86.92% | test 12.7938/86.66% | 7.7s
Epoch  95/200 | lr 0.0560 | train 13.2011/87.49% | val 12.7529/87.06% | test 12.7473/87.22% | 7.7s
Epoch  96/200 | lr 0.0552 | train 13.1826/87.76% | val 12.4360/89.60% | test 12.4756/89.63% | 7.7s
Epoch  97/200 | lr 0.0544 | train 13.2046/87.43% | val 12.7899/87.42% | test 12.9286/85.66% | 7.7s
Epoch  98/200 | lr 0.0536 | train 13.1886/87.74% | val 12.6260/88.00% | test 12.6645/87.54% | 7.8s
Epoch  99/200 | lr 0.0528 | train 13.1977/87.56% | val 12.4942/89.42% | test 12.5304/89.15% | 7.7s
Epoch 100/200 | lr 0.0520 | train 13.1690/87.80% | val 12.5713/89.00% | test 12.6358/88.31% | 7.7s
Epoch 101/200 | lr 0.0512 | train 13.1554/87.92% | val 12.4278/90.10% | test 12.4897/89.26% | 7.8s
Epoch 102/200 | lr 0.0504 | train 13.1377/88.14% | val 12.5288/88.72% | test 12.5775/88.63% | 7.7s
Epoch 103/200 | lr 0.0496 | train 13.1159/88.58% | val 12.5159/89.16% | test 12.4922/89.37% | 7.7s
Epoch 104/200 | lr 0.0488 | train 13.1115/88.43% | val 12.4504/90.04% | test 12.5149/89.63% | 7.7s
Epoch 105/200 | lr 0.0480 | train 13.1131/88.42% | val 12.4693/89.58% | test 12.4804/89.51% | 7.7s
Epoch 106/200 | lr 0.0472 | train 13.1011/88.67% | val 12.2670/91.46% | test 12.3223/91.06% | 7.8s
Epoch 107/200 | lr 0.0464 | train 13.1069/88.46% | val 12.3648/90.84% | test 12.4435/89.83% | 7.7s
Epoch 108/200 | lr 0.0456 | train 13.0858/88.86% | val 12.5007/89.16% | test 12.5967/88.54% | 7.7s
Epoch 109/200 | lr 0.0448 | train 13.0608/88.86% | val 12.3148/90.92% | test 12.4047/89.96% | 7.7s
Epoch 110/200 | lr 0.0440 | train 13.0720/88.72% | val 12.3931/90.58% | test 12.4676/89.98% | 7.7s
Epoch 111/200 | lr 0.0432 | train 13.0611/89.15% | val 12.7117/87.30% | test 12.7165/87.77% | 7.7s
Epoch 112/200 | lr 0.0424 | train 13.0235/89.39% | val 12.2827/91.10% | test 12.3476/90.88% | 7.7s
Epoch 113/200 | lr 0.0416 | train 13.0427/89.28% | val 12.4364/89.82% | test 12.4594/89.78% | 7.8s
Epoch 114/200 | lr 0.0408 | train 13.0106/89.47% | val 12.4136/90.70% | test 12.4460/89.69% | 7.7s
Epoch 115/200 | lr 0.0400 | train 13.0089/89.72% | val 12.3795/90.34% | test 12.3729/90.62% | 7.7s
Epoch 116/200 | lr 0.0392 | train 12.9926/89.81% | val 12.4955/89.28% | test 12.5583/88.63% | 7.7s
Epoch 117/200 | lr 0.0384 | train 12.9758/89.86% | val 12.5710/89.02% | test 12.5760/88.70% | 7.7s
Epoch 118/200 | lr 0.0376 | train 12.9780/89.92% | val 12.3784/90.70% | test 12.4495/89.84% | 7.7s
Epoch 119/200 | lr 0.0369 | train 12.9756/89.98% | val 12.3249/90.90% | test 12.3913/90.36% | 7.7s
Epoch 120/200 | lr 0.0361 | train 12.9799/89.79% | val 12.3147/91.10% | test 12.4044/90.19% | 7.7s
Epoch 121/200 | lr 0.0353 | train 12.9511/90.15% | val 12.2728/92.00% | test 12.3395/90.87% | 7.9s
Epoch 122/200 | lr 0.0345 | train 12.9489/90.30% | val 12.5766/88.84% | test 12.6127/88.59% | 7.7s
Epoch 123/200 | lr 0.0338 | train 12.9442/90.18% | val 12.4133/90.20% | test 12.4282/90.00% | 7.7s
Epoch 124/200 | lr 0.0330 | train 12.9250/90.64% | val 12.2532/91.98% | test 12.2829/91.69% | 7.7s
Epoch 125/200 | lr 0.0323 | train 12.9092/90.73% | val 12.3862/90.48% | test 12.3806/90.97% | 7.7s
Epoch 126/200 | lr 0.0315 | train 12.8755/91.06% | val 12.2236/92.22% | test 12.2743/91.65% | 7.8s
Epoch 127/200 | lr 0.0308 | train 12.8875/91.02% | val 12.3709/90.66% | test 12.3952/90.63% | 7.7s
Epoch 128/200 | lr 0.0300 | train 12.8758/91.06% | val 12.2344/92.02% | test 12.3095/90.78% | 7.7s
Epoch 129/200 | lr 0.0293 | train 12.8686/91.20% | val 12.2795/91.36% | test 12.2919/91.30% | 7.7s
Epoch 130/200 | lr 0.0286 | train 12.8598/91.47% | val 12.5088/89.42% | test 12.5770/88.90% | 7.7s
Epoch 131/200 | lr 0.0278 | train 12.8386/91.63% | val 12.2443/92.04% | test 12.3128/91.04% | 7.7s
Epoch 132/200 | lr 0.0271 | train 12.8306/91.68% | val 12.2177/91.78% | test 12.2912/91.59% | 7.7s
Epoch 133/200 | lr 0.0264 | train 12.8419/91.41% | val 12.2290/92.04% | test 12.2724/91.67% | 7.7s
Epoch 134/200 | lr 0.0257 | train 12.8176/91.79% | val 12.2877/91.46% | test 12.3485/90.95% | 7.8s
Epoch 135/200 | lr 0.0250 | train 12.7801/92.11% | val 12.2148/92.10% | test 12.2545/91.87% | 7.7s
Epoch 136/200 | lr 0.0243 | train 12.7877/91.87% | val 12.2089/92.44% | test 12.2812/91.58% | 7.9s
Epoch 137/200 | lr 0.0236 | train 12.7607/92.43% | val 12.1424/92.48% | test 12.2057/91.90% | 7.9s
Epoch 138/200 | lr 0.0229 | train 12.7603/92.34% | val 12.2407/91.90% | test 12.3116/91.34% | 7.7s
Epoch 139/200 | lr 0.0223 | train 12.7707/92.36% | val 12.2280/92.00% | test 12.2860/91.54% | 7.7s
Epoch 140/200 | lr 0.0216 | train 12.7393/92.68% | val 12.2436/92.12% | test 12.3214/91.40% | 7.7s
Epoch 141/200 | lr 0.0209 | train 12.7433/92.55% | val 12.1492/92.56% | test 12.2098/92.19% | 7.8s
Epoch 142/200 | lr 0.0203 | train 12.7168/92.98% | val 12.0832/93.42% | test 12.1268/93.10% | 7.9s
Epoch 143/200 | lr 0.0196 | train 12.6856/93.29% | val 12.1081/93.20% | test 12.1678/92.72% | 7.8s
Epoch 144/200 | lr 0.0190 | train 12.6943/93.39% | val 12.0755/93.38% | test 12.1386/93.15% | 7.7s
Epoch 145/200 | lr 0.0184 | train 12.6814/93.31% | val 12.0871/93.18% | test 12.1322/93.13% | 7.7s
Epoch 146/200 | lr 0.0178 | train 12.6544/93.65% | val 12.0569/93.68% | test 12.1096/93.35% | 7.7s
Epoch 147/200 | lr 0.0171 | train 12.6365/93.87% | val 12.0237/94.26% | test 12.0871/93.50% | 7.8s
Epoch 148/200 | lr 0.0165 | train 12.6223/94.05% | val 12.0825/93.44% | test 12.1377/92.95% | 7.7s
Epoch 149/200 | lr 0.0159 | train 12.6182/94.04% | val 12.0835/93.36% | test 12.1350/93.22% | 7.7s
Epoch 150/200 | lr 0.0154 | train 12.6084/94.32% | val 12.0541/94.10% | test 12.1099/93.16% | 7.7s
Epoch 151/200 | lr 0.0148 | train 12.5886/94.50% | val 12.0770/93.78% | test 12.1607/92.86% | 7.7s
Epoch 152/200 | lr 0.0142 | train 12.5966/94.43% | val 11.9701/94.42% | test 12.0434/94.08% | 7.9s
Epoch 153/200 | lr 0.0137 | train 12.5691/94.83% | val 12.0073/94.58% | test 12.0717/93.53% | 7.9s
Epoch 154/200 | lr 0.0131 | train 12.5639/94.82% | val 11.9823/94.26% | test 12.0421/93.88% | 7.7s
Epoch 155/200 | lr 0.0126 | train 12.5599/94.89% | val 12.0442/93.80% | test 12.0761/93.64% | 7.7s
Epoch 156/200 | lr 0.0120 | train 12.5383/95.17% | val 11.9767/94.80% | test 12.0271/94.32% | 7.9s
Epoch 157/200 | lr 0.0115 | train 12.5076/95.39% | val 12.0381/94.08% | test 12.0602/93.79% | 7.7s
Epoch 158/200 | lr 0.0110 | train 12.5075/95.34% | val 11.9512/94.74% | test 12.0038/94.41% | 7.7s
Epoch 159/200 | lr 0.0105 | train 12.4883/95.79% | val 11.9436/94.62% | test 11.9944/94.45% | 7.7s
Epoch 160/200 | lr 0.0100 | train 12.4860/95.95% | val 12.0143/93.86% | test 12.0226/94.27% | 7.7s
Epoch 161/200 | lr 0.0095 | train 12.4834/95.89% | val 11.9613/94.44% | test 12.0125/94.34% | 7.7s
Epoch 162/200 | lr 0.0091 | train 12.4466/96.23% | val 11.9236/94.94% | test 11.9614/94.88% | 7.8s
Epoch 163/200 | lr 0.0086 | train 12.4605/96.10% | val 11.9471/94.68% | test 11.9770/94.77% | 7.7s
Epoch 164/200 | lr 0.0082 | train 12.4458/96.35% | val 11.9355/95.08% | test 11.9853/94.66% | 7.7s
Epoch 165/200 | lr 0.0077 | train 12.4203/96.69% | val 11.9242/94.94% | test 11.9527/94.79% | 7.8s
Epoch 166/200 | lr 0.0073 | train 12.4045/96.68% | val 11.9277/95.08% | test 11.9775/94.57% | 7.7s
Epoch 167/200 | lr 0.0069 | train 12.4121/96.70% | val 11.9120/94.98% | test 11.9520/94.89% | 7.7s
Epoch 168/200 | lr 0.0065 | train 12.3932/97.01% | val 11.8959/95.42% | test 11.9370/94.57% | 7.8s
Epoch 169/200 | lr 0.0061 | train 12.3908/97.01% | val 11.8933/95.36% | test 11.9340/95.00% | 7.7s
Epoch 170/200 | lr 0.0057 | train 12.3751/97.25% | val 11.8961/95.10% | test 11.9276/95.20% | 7.7s
Epoch 171/200 | lr 0.0054 | train 12.3767/97.27% | val 11.8830/95.26% | test 11.9190/95.21% | 7.7s
Epoch 172/200 | lr 0.0050 | train 12.3710/97.31% | val 11.8780/95.40% | test 11.9285/95.09% | 7.7s
Epoch 173/200 | lr 0.0047 | train 12.3593/97.74% | val 11.8615/95.70% | test 11.9017/95.44% | 7.8s
Epoch 174/200 | lr 0.0043 | train 12.3512/97.57% | val 11.8569/95.66% | test 11.8982/95.36% | 7.7s
Epoch 175/200 | lr 0.0040 | train 12.3466/97.72% | val 11.8635/95.42% | test 11.8931/95.54% | 7.7s
Epoch 176/200 | lr 0.0037 | train 12.3329/97.87% | val 11.8198/95.94% | test 11.8736/95.67% | 7.8s
Epoch 177/200 | lr 0.0034 | train 12.3320/97.90% | val 11.8309/95.90% | test 11.8738/95.82% | 7.7s
Epoch 178/200 | lr 0.0031 | train 12.3221/98.02% | val 11.8311/95.76% | test 11.8806/95.55% | 7.7s
Epoch 179/200 | lr 0.0028 | train 12.3199/97.99% | val 11.8306/96.06% | test 11.8707/95.69% | 7.8s
Epoch 180/200 | lr 0.0026 | train 12.3136/98.13% | val 11.8166/95.88% | test 11.8688/95.62% | 7.7s
Epoch 181/200 | lr 0.0023 | train 12.3163/98.04% | val 11.8126/96.22% | test 11.8545/95.77% | 7.8s
Epoch 182/200 | lr 0.0021 | train 12.3000/98.19% | val 11.8103/96.10% | test 11.8531/95.82% | 7.7s
Epoch 183/200 | lr 0.0019 | train 12.2927/98.37% | val 11.8143/95.84% | test 11.8531/95.74% | 7.7s
Epoch 184/200 | lr 0.0017 | train 12.3013/98.28% | val 11.8197/95.78% | test 11.8614/95.78% | 7.7s
Epoch 185/200 | lr 0.0015 | train 12.2826/98.43% | val 11.8056/96.10% | test 11.8432/95.83% | 7.7s
Epoch 186/200 | lr 0.0013 | train 12.2879/98.34% | val 11.7954/96.14% | test 11.8432/95.77% | 7.7s
Epoch 187/200 | lr 0.0011 | train 12.2843/98.50% | val 11.7947/96.02% | test 11.8368/96.09% | 7.7s
Epoch 188/200 | lr 0.0009 | train 12.2881/98.51% | val 11.7963/95.86% | test 11.8331/95.99% | 7.7s
Epoch 189/200 | lr 0.0008 | train 12.2867/98.49% | val 11.7983/96.14% | test 11.8317/95.98% | 7.7s
Epoch 190/200 | lr 0.0006 | train 12.2769/98.43% | val 11.7953/96.00% | test 11.8351/95.91% | 7.7s
Epoch 191/200 | lr 0.0005 | train 12.3002/98.48% | val 11.7902/96.12% | test 11.8292/95.93% | 7.7s
Epoch 192/200 | lr 0.0004 | train 12.2800/98.60% | val 11.7892/96.06% | test 11.8339/95.91% | 7.7s
Epoch 193/200 | lr 0.0003 | train 12.2716/98.64% | val 11.7882/96.04% | test 11.8300/96.00% | 7.7s
Epoch 194/200 | lr 0.0002 | train 12.2904/98.59% | val 11.7852/96.16% | test 11.8317/95.87% | 7.7s
Epoch 195/200 | lr 0.0002 | train 12.2744/98.64% | val 11.7843/96.24% | test 11.8289/95.94% | 7.8s
Epoch 196/200 | lr 0.0001 | train 12.2649/98.69% | val 11.7840/96.16% | test 11.8283/95.94% | 7.7s
Epoch 197/200 | lr 0.0001 | train 12.2635/98.68% | val 11.7869/96.14% | test 11.8310/95.90% | 7.7s
Epoch 198/200 | lr 0.0000 | train 12.2788/98.60% | val 11.7840/96.36% | test 11.8303/95.90% | 7.9s
Epoch 199/200 | lr 0.0000 | train 12.2705/98.66% | val 11.7825/96.34% | test 11.8282/95.94% | 7.7s
Epoch 200/200 | lr 0.0000 | train 12.2740/98.56% | val 11.7812/96.30% | test 11.8284/96.02% | 7.7s

BASELINE4 Training Complete in 0.43 hours. Best Val Acc: 96.36% (Saved: baseline4_temp4_fnl_ternary_best.pth)
Saved training curves to 'baseline4_temp4_fnl_ternary_curves.png'.
Saved weight histograms to 'baseline4_temp4_fnl_ternary_histograms.png'.

Final Best Checkpoint Test Accuracy: 95.90% (Loss: 11.8303)

Per-layer weight shape, unique quantized weights, and ternary sparsity:
  conv1                          | shape: (64, 3, 3, 3)      | unique:  7 | zero= 64.0% +alpha= 17.9% -alpha= 18.1%
  layer1.0.conv1                 | shape: (64, 64, 3, 3)     | unique:  8 | zero= 67.2% +alpha= 15.2% -alpha= 17.6%
  layer1.0.conv2                 | shape: (64, 64, 3, 3)     | unique:  7 | zero= 56.2% +alpha= 20.4% -alpha= 23.4%
  layer1.1.conv1                 | shape: (64, 64, 3, 3)     | unique:  7 | zero= 54.5% +alpha= 18.5% -alpha= 27.0%
  layer1.1.conv2                 | shape: (64, 64, 3, 3)     | unique:  7 | zero= 53.7% +alpha= 19.4% -alpha= 26.8%
  layer2.0.conv1                 | shape: (128, 64, 3, 3)    | unique:  3 | zero= 48.6% +alpha= 22.1% -alpha= 29.4%
  layer2.0.conv2                 | shape: (128, 128, 3, 3)   | unique:  7 | zero= 47.9% +alpha= 22.2% -alpha= 30.0%
  layer2.0.shortcut.0            | shape: (128, 64, 1, 1)    | unique:  6 | zero= 53.9% +alpha= 18.6% -alpha= 27.5%
  layer2.1.conv1                 | shape: (128, 128, 3, 3)   | unique:  6 | zero= 49.7% +alpha= 21.9% -alpha= 28.4%
  layer2.1.conv2                 | shape: (128, 128, 3, 3)   | unique:  4 | zero= 51.1% +alpha= 20.0% -alpha= 28.9%
  layer3.0.conv1                 | shape: (256, 128, 3, 3)   | unique:  7 | zero= 47.5% +alpha= 22.3% -alpha= 30.2%
  layer3.0.conv2                 | shape: (256, 256, 3, 3)   | unique:  7 | zero= 47.5% +alpha= 23.6% -alpha= 28.9%
  layer3.0.shortcut.0            | shape: (256, 128, 1, 1)   | unique:  8 | zero= 51.5% +alpha= 19.6% -alpha= 28.9%
  layer3.1.conv1                 | shape: (256, 256, 3, 3)   | unique:  7 | zero= 48.6% +alpha= 21.7% -alpha= 29.7%
  layer3.1.conv2                 | shape: (256, 256, 3, 3)   | unique: 10 | zero= 52.5% +alpha= 18.4% -alpha= 29.1%
  layer4.0.conv1                 | shape: (512, 256, 3, 3)   | unique:  7 | zero= 47.6% +alpha= 23.2% -alpha= 29.2%
  layer4.0.conv2                 | shape: (512, 512, 3, 3)   | unique:  7 | zero= 51.3% +alpha= 21.1% -alpha= 27.6%
  layer4.0.shortcut.0            | shape: (512, 256, 1, 1)   | unique: 10 | zero= 51.5% +alpha= 20.6% -alpha= 27.9%
  layer4.1.conv1                 | shape: (512, 512, 3, 3)   | unique: 10 | zero= 53.4% +alpha= 17.3% -alpha= 29.4%
  layer4.1.conv2                 | shape: (512, 512, 3, 3)   | unique:  7 | zero= 67.5% +alpha= 11.2% -alpha= 21.3%
  fc                             | shape: (10, 512)          | unique:  7 | zero= 67.2% +alpha= 11.0% -alpha= 21.8%

Running Quantization Behavioral Verification Check...
Mean |logit difference| between quantized and raw-latent forward: 1782.2051
Prediction agreement between the two passes: 10.16%
Quantization is genuinely constraining the model computation.

===========================================================================
MODEL SIZE & BIT-LEVEL COMPRESSION MATHEMATICS (baseline4_temp4_fnl_ternary)
===========================================================================
1. Parameter Count Breakdown:
   - Total Parameters:                       11,173,962
   - Ternary (2-bit packed) Parameters:      11,164,352 ( 99.91%)
   - FP32 Unquantized Parameters:                 9,610 (  0.09%)
   - Layerwise Alpha Scaling Factors:                21 (FP32 scalars)

2. Exact Bitstream Storage Calculation:
   - Ternary Weight Bits : 11,164,352 params x  2 bits =   22,328,704 bits
   - FP32 Parameter Bits :      9,610 params x 32 bits =      307,520 bits
   - Alpha Scaling Bits  :         21 layers x 32 bits =          672 bits
   -------------------------------------------------------------------
   - Total Compressed Bits:                          =   22,636,896 bits
   - Compressed Size: 22,636,896 / (8 x 1024^2)    =         2.70 MB

3. Baseline Comparison & Compression Summary:
   - Full FP32 Baseline Memory Footprint:                   42.63 MB
   - Theoretical 2-Bit Footprint (Deployment):               2.70 MB
   - Mathematical Compression Ratio:                        15.80x
   - Training Checkpoint on Disk (FP32 state_dict):         42.70 MB
===========================================================================


================================================================================
CONSOLIDATED EXPERIMENT RESULTS SUMMARY
================================================================================
Experiment Mode      | Best Val Acc (%)   | Test Acc (%)    | Test Loss    | Saved Checkpoint         
--------------------------------------------------------------------------------
BASELINE1            | 96.00              | 95.60           | 0.1497       | baseline1_fnl_ternary_best.pth
BASELINE2            | 96.38              | 95.71           | 11.8703      | baseline2_temp4_fnl_ternary_best.pth
BASELINE3            | 78.20              | 78.21           | 13.7210      | baseline3_temp4_fnl_ternary_best.pth
BASELINE4            | 96.36              | 95.90           | 11.8303      | baseline4_temp4_fnl_ternary_best.pth
================================================================================
