nohup: ignoring input
Dataset summary: Train=45000, Val=5000, Test=10000
Loading existing frozen FP32 teacher from 'teacher_best.pth'...
Teacher successfully loaded.

===========================================================================
RUNNING EXPERIMENT: BASELINE1
Configuration: Temp=15.0, KD Lambda=0.5, LabelSmoothing=0.0, QuantizeFirstLast=False
===========================================================================
Epoch   1/200 | lr 0.0201 | train 1.6690/38.61% | val 1.3067/52.52% | test 1.3099/53.02% | 5.4s
Epoch   2/200 | lr 0.0401 | train 1.2662/54.59% | val 1.0119/64.28% | test 1.0348/63.74% | 5.2s
Epoch   3/200 | lr 0.0601 | train 1.0531/62.86% | val 0.7674/72.74% | test 0.8042/72.49% | 5.4s
Epoch   4/200 | lr 0.0801 | train 0.9335/67.13% | val 0.8142/71.10% | test 0.8125/71.67% | 5.0s
Epoch   5/200 | lr 0.1000 | train 0.8465/70.38% | val 0.8379/71.76% | test 0.8194/72.70% | 5.0s
Epoch   6/200 | lr 0.1000 | train 0.7803/72.66% | val 0.8211/72.16% | test 0.8478/71.78% | 5.0s
Epoch   7/200 | lr 0.1000 | train 0.7262/74.75% | val 0.7129/75.88% | test 0.7213/75.60% | 5.1s
Epoch   8/200 | lr 0.0999 | train 0.6891/75.99% | val 0.7102/76.16% | test 0.7058/76.64% | 5.2s
Epoch   9/200 | lr 0.0999 | train 0.6625/77.19% | val 0.6487/78.10% | test 0.6621/77.77% | 5.2s
Epoch  10/200 | lr 0.0998 | train 0.6465/77.44% | val 0.5422/81.70% | test 0.5765/80.23% | 5.1s
Epoch  11/200 | lr 0.0998 | train 0.6370/77.85% | val 0.6595/77.44% | test 0.6768/77.24% | 5.1s
Epoch  12/200 | lr 0.0997 | train 0.6203/78.60% | val 0.5869/80.32% | test 0.6255/79.37% | 5.0s
Epoch  13/200 | lr 0.0996 | train 0.6134/78.69% | val 0.7477/76.64% | test 0.7560/76.32% | 5.0s
Epoch  14/200 | lr 0.0995 | train 0.6054/79.06% | val 0.5428/81.56% | test 0.5705/81.06% | 5.0s
Epoch  15/200 | lr 0.0994 | train 0.5940/79.46% | val 0.5443/81.08% | test 0.5466/81.10% | 5.0s
Epoch  16/200 | lr 0.0992 | train 0.5950/79.52% | val 0.6443/79.20% | test 0.6503/78.68% | 5.0s
Epoch  17/200 | lr 0.0991 | train 0.5904/79.60% | val 0.5993/80.92% | test 0.6312/79.22% | 5.0s
Epoch  18/200 | lr 0.0989 | train 0.5826/79.94% | val 0.7416/75.36% | test 0.7484/76.20% | 5.0s
Epoch  19/200 | lr 0.0987 | train 0.5786/80.03% | val 0.4873/82.90% | test 0.4906/82.62% | 5.2s
Epoch  20/200 | lr 0.0985 | train 0.5696/80.31% | val 0.4706/84.46% | test 0.4771/83.84% | 5.1s
Epoch  21/200 | lr 0.0983 | train 0.5678/80.59% | val 0.6153/80.38% | test 0.6326/79.33% | 5.0s
Epoch  22/200 | lr 0.0981 | train 0.5603/80.61% | val 0.5231/81.88% | test 0.5432/82.24% | 5.1s
Epoch  23/200 | lr 0.0979 | train 0.5557/80.78% | val 0.6822/77.34% | test 0.7042/77.04% | 5.0s
Epoch  24/200 | lr 0.0977 | train 0.5543/80.95% | val 0.5399/81.56% | test 0.5523/81.25% | 5.0s
Epoch  25/200 | lr 0.0974 | train 0.5562/80.84% | val 0.4931/83.96% | test 0.4774/84.07% | 5.0s
Epoch  26/200 | lr 0.0972 | train 0.5403/81.27% | val 0.5420/81.46% | test 0.5604/80.74% | 5.1s
Epoch  27/200 | lr 0.0969 | train 0.5413/81.23% | val 0.7515/76.22% | test 0.7837/75.28% | 5.0s
Epoch  28/200 | lr 0.0966 | train 0.5427/81.32% | val 0.4638/83.74% | test 0.4904/83.48% | 5.0s
Epoch  29/200 | lr 0.0963 | train 0.5344/81.59% | val 0.4704/83.46% | test 0.5051/82.96% | 5.0s
Epoch  30/200 | lr 0.0960 | train 0.5373/81.42% | val 0.5512/81.88% | test 0.5525/81.44% | 5.0s
Epoch  31/200 | lr 0.0957 | train 0.5323/81.61% | val 0.5147/82.66% | test 0.5188/82.69% | 5.0s
Epoch  32/200 | lr 0.0953 | train 0.5270/81.89% | val 0.4377/85.00% | test 0.4526/84.94% | 5.1s
Epoch  33/200 | lr 0.0950 | train 0.5290/81.66% | val 0.5045/82.74% | test 0.5202/82.57% | 5.0s
Epoch  34/200 | lr 0.0946 | train 0.5324/81.48% | val 0.5293/82.34% | test 0.5344/82.15% | 5.0s
Epoch  35/200 | lr 0.0943 | train 0.5197/82.21% | val 0.4360/85.48% | test 0.4597/85.03% | 5.2s
Epoch  36/200 | lr 0.0939 | train 0.5184/82.11% | val 0.4311/84.60% | test 0.4450/84.55% | 5.0s
Epoch  37/200 | lr 0.0935 | train 0.5202/82.05% | val 0.4315/85.28% | test 0.4502/85.35% | 5.0s
Epoch  38/200 | lr 0.0931 | train 0.5147/82.34% | val 0.6635/77.58% | test 0.6536/78.14% | 5.0s
Epoch  39/200 | lr 0.0927 | train 0.5184/82.22% | val 0.5157/83.02% | test 0.5245/82.82% | 5.0s
Epoch  40/200 | lr 0.0923 | train 0.5167/82.20% | val 0.5282/82.60% | test 0.5351/82.35% | 5.0s
Epoch  41/200 | lr 0.0918 | train 0.5127/82.42% | val 0.4944/83.48% | test 0.5056/83.02% | 5.0s
Epoch  42/200 | lr 0.0914 | train 0.5114/82.37% | val 0.4469/85.06% | test 0.4643/85.17% | 5.0s
Epoch  43/200 | lr 0.0909 | train 0.5096/82.47% | val 0.5848/80.82% | test 0.6183/79.98% | 5.0s
Epoch  44/200 | lr 0.0905 | train 0.5068/82.41% | val 0.4358/85.66% | test 0.4608/84.59% | 5.2s
Epoch  45/200 | lr 0.0900 | train 0.5037/82.65% | val 0.4273/85.06% | test 0.4431/84.79% | 5.0s
Epoch  46/200 | lr 0.0895 | train 0.5043/82.70% | val 0.4678/84.08% | test 0.5037/83.15% | 5.0s
Epoch  47/200 | lr 0.0890 | train 0.4987/82.77% | val 0.4459/84.82% | test 0.4654/84.64% | 5.0s
Epoch  48/200 | lr 0.0885 | train 0.5017/82.72% | val 0.3729/87.58% | test 0.3891/86.89% | 5.1s
Epoch  49/200 | lr 0.0880 | train 0.4939/83.09% | val 0.6786/78.80% | test 0.6966/79.56% | 5.0s
Epoch  50/200 | lr 0.0874 | train 0.4961/82.96% | val 0.4349/85.86% | test 0.4524/85.09% | 5.0s
Epoch  51/200 | lr 0.0869 | train 0.4926/82.98% | val 0.5288/82.58% | test 0.5522/82.22% | 5.0s
Epoch  52/200 | lr 0.0863 | train 0.4928/82.97% | val 0.7252/78.22% | test 0.7239/78.42% | 5.0s
Epoch  53/200 | lr 0.0858 | train 0.4826/83.25% | val 0.5659/80.96% | test 0.5797/80.20% | 5.0s
Epoch  54/200 | lr 0.0852 | train 0.4869/83.20% | val 0.5742/80.86% | test 0.5822/80.82% | 5.0s
Epoch  55/200 | lr 0.0846 | train 0.4840/83.19% | val 0.3674/87.78% | test 0.3792/87.00% | 5.1s
Epoch  56/200 | lr 0.0841 | train 0.4867/83.26% | val 0.4643/84.26% | test 0.5035/83.39% | 5.0s
Epoch  57/200 | lr 0.0835 | train 0.4778/83.56% | val 0.4155/85.70% | test 0.4339/85.38% | 5.0s
Epoch  58/200 | lr 0.0829 | train 0.4794/83.31% | val 0.4978/83.10% | test 0.4988/83.81% | 5.0s
Epoch  59/200 | lr 0.0822 | train 0.4736/83.78% | val 0.3635/87.70% | test 0.3865/87.09% | 5.0s
Epoch  60/200 | lr 0.0816 | train 0.4766/83.60% | val 0.4384/85.28% | test 0.4373/85.40% | 5.0s
Epoch  61/200 | lr 0.0810 | train 0.4674/83.87% | val 0.5813/80.82% | test 0.5804/81.09% | 5.0s
Epoch  62/200 | lr 0.0804 | train 0.4696/83.87% | val 0.5769/80.88% | test 0.6083/79.58% | 5.0s
Epoch  63/200 | lr 0.0797 | train 0.4713/83.71% | val 0.4080/86.32% | test 0.4289/85.55% | 5.0s
Epoch  64/200 | lr 0.0791 | train 0.4676/83.84% | val 0.3762/87.18% | test 0.3999/86.62% | 5.0s
Epoch  65/200 | lr 0.0784 | train 0.4646/84.09% | val 0.4815/83.58% | test 0.4849/83.74% | 5.0s
Epoch  66/200 | lr 0.0777 | train 0.4591/84.09% | val 0.4013/86.44% | test 0.4229/85.90% | 5.0s
Epoch  67/200 | lr 0.0771 | train 0.4607/84.19% | val 0.6585/80.04% | test 0.6822/79.34% | 5.0s
Epoch  68/200 | lr 0.0764 | train 0.4621/84.28% | val 0.4345/85.36% | test 0.4662/84.55% | 5.0s
Epoch  69/200 | lr 0.0757 | train 0.4522/84.36% | val 0.4227/85.56% | test 0.4282/85.63% | 5.0s
Epoch  70/200 | lr 0.0750 | train 0.4500/84.49% | val 0.4426/85.02% | test 0.4476/85.26% | 5.0s
Epoch  71/200 | lr 0.0743 | train 0.4515/84.66% | val 0.4588/84.90% | test 0.4727/84.13% | 5.1s
Epoch  72/200 | lr 0.0736 | train 0.4528/84.39% | val 0.5216/82.70% | test 0.5246/82.51% | 5.0s
Epoch  73/200 | lr 0.0729 | train 0.4506/84.48% | val 0.3582/87.64% | test 0.3705/87.30% | 5.0s
Epoch  74/200 | lr 0.0722 | train 0.4400/84.91% | val 0.3880/87.04% | test 0.3891/87.10% | 5.0s
Epoch  75/200 | lr 0.0714 | train 0.4396/84.87% | val 0.3924/86.86% | test 0.4202/85.66% | 5.0s
Epoch  76/200 | lr 0.0707 | train 0.4399/84.93% | val 0.5191/83.32% | test 0.5311/83.39% | 5.0s
Epoch  77/200 | lr 0.0700 | train 0.4340/84.97% | val 0.3718/87.42% | test 0.3895/86.92% | 5.0s
Epoch  78/200 | lr 0.0692 | train 0.4368/85.07% | val 0.4365/85.72% | test 0.4559/85.13% | 5.1s
Epoch  79/200 | lr 0.0685 | train 0.4307/85.23% | val 0.4123/85.88% | test 0.4201/85.99% | 5.0s
Epoch  80/200 | lr 0.0677 | train 0.4381/84.69% | val 0.4042/86.54% | test 0.4292/85.89% | 5.0s
Epoch  81/200 | lr 0.0670 | train 0.4311/85.17% | val 0.4068/86.94% | test 0.4036/86.53% | 5.0s
Epoch  82/200 | lr 0.0662 | train 0.4256/85.25% | val 0.3944/86.30% | test 0.4289/86.02% | 5.0s
Epoch  83/200 | lr 0.0655 | train 0.4241/85.42% | val 0.3302/88.76% | test 0.3403/88.38% | 5.1s
Epoch  84/200 | lr 0.0647 | train 0.4223/85.54% | val 0.3959/86.62% | test 0.4096/85.97% | 5.1s
Epoch  85/200 | lr 0.0639 | train 0.4192/85.54% | val 0.3218/89.30% | test 0.3410/88.53% | 5.1s
Epoch  86/200 | lr 0.0631 | train 0.4176/85.75% | val 0.3768/86.76% | test 0.3938/87.04% | 5.1s
Epoch  87/200 | lr 0.0624 | train 0.4100/86.03% | val 0.3600/87.64% | test 0.3665/87.42% | 5.0s
Epoch  88/200 | lr 0.0616 | train 0.4154/85.61% | val 0.3061/90.18% | test 0.3254/88.83% | 5.1s
Epoch  89/200 | lr 0.0608 | train 0.4121/85.83% | val 0.4097/85.40% | test 0.4235/85.69% | 5.0s
Epoch  90/200 | lr 0.0600 | train 0.4059/85.96% | val 0.3546/87.88% | test 0.3822/87.09% | 5.0s
Epoch  91/200 | lr 0.0592 | train 0.3981/86.52% | val 0.3077/89.78% | test 0.3234/89.26% | 5.1s
Epoch  92/200 | lr 0.0584 | train 0.4028/86.19% | val 0.3363/88.32% | test 0.3437/88.26% | 5.1s
Epoch  93/200 | lr 0.0576 | train 0.3951/86.47% | val 0.3746/86.84% | test 0.3968/86.55% | 5.0s
Epoch  94/200 | lr 0.0568 | train 0.3961/86.28% | val 0.5398/82.64% | test 0.5571/82.30% | 5.0s
Epoch  95/200 | lr 0.0560 | train 0.3954/86.34% | val 0.3269/88.78% | test 0.3551/87.96% | 5.0s
Epoch  96/200 | lr 0.0552 | train 0.3855/86.78% | val 0.3869/86.68% | test 0.3971/86.77% | 5.0s
Epoch  97/200 | lr 0.0544 | train 0.3828/86.91% | val 0.3161/89.54% | test 0.3318/89.05% | 5.0s
Epoch  98/200 | lr 0.0536 | train 0.3842/86.84% | val 0.3704/88.04% | test 0.3941/87.04% | 5.0s
Epoch  99/200 | lr 0.0528 | train 0.3835/86.70% | val 0.4429/85.12% | test 0.4958/83.56% | 5.0s
Epoch 100/200 | lr 0.0520 | train 0.3757/87.02% | val 0.3271/88.40% | test 0.3429/87.95% | 5.0s
Epoch 101/200 | lr 0.0512 | train 0.3791/86.78% | val 0.3333/88.74% | test 0.3453/88.11% | 5.0s
Epoch 102/200 | lr 0.0504 | train 0.3772/86.87% | val 0.3168/89.26% | test 0.3371/89.24% | 5.0s
Epoch 103/200 | lr 0.0496 | train 0.3711/87.18% | val 0.3379/88.30% | test 0.3455/88.37% | 5.0s
Epoch 104/200 | lr 0.0488 | train 0.3651/87.49% | val 0.3111/89.54% | test 0.3270/89.37% | 5.0s
Epoch 105/200 | lr 0.0480 | train 0.3715/87.27% | val 0.3217/89.16% | test 0.3482/88.23% | 5.0s
Epoch 106/200 | lr 0.0472 | train 0.3612/87.50% | val 0.2800/90.12% | test 0.3062/89.64% | 5.1s
Epoch 107/200 | lr 0.0464 | train 0.3637/87.53% | val 0.2870/90.36% | test 0.3101/89.90% | 5.2s
Epoch 108/200 | lr 0.0456 | train 0.3587/87.58% | val 0.3036/89.78% | test 0.3387/89.09% | 5.1s
Epoch 109/200 | lr 0.0448 | train 0.3522/87.78% | val 0.3077/89.62% | test 0.3218/89.19% | 5.1s
Epoch 110/200 | lr 0.0440 | train 0.3516/87.83% | val 0.3216/89.16% | test 0.3203/89.13% | 5.0s
Epoch 111/200 | lr 0.0432 | train 0.3473/87.95% | val 0.3006/90.06% | test 0.3065/89.70% | 5.0s
Epoch 112/200 | lr 0.0424 | train 0.3423/88.03% | val 0.2681/90.84% | test 0.2840/90.65% | 5.2s
Epoch 113/200 | lr 0.0416 | train 0.3418/88.23% | val 0.3560/88.08% | test 0.3791/87.63% | 5.0s
Epoch 114/200 | lr 0.0408 | train 0.3352/88.55% | val 0.2860/90.36% | test 0.2976/89.80% | 5.0s
Epoch 115/200 | lr 0.0400 | train 0.3385/88.24% | val 0.2943/90.10% | test 0.3127/89.36% | 5.0s
Epoch 116/200 | lr 0.0392 | train 0.3292/88.74% | val 0.2609/91.56% | test 0.2727/90.72% | 5.2s
Epoch 117/200 | lr 0.0384 | train 0.3305/88.48% | val 0.2793/90.30% | test 0.2933/90.18% | 5.0s
Epoch 118/200 | lr 0.0376 | train 0.3190/88.96% | val 0.2866/90.22% | test 0.3040/89.73% | 5.0s
Epoch 119/200 | lr 0.0369 | train 0.3195/88.83% | val 0.2909/90.48% | test 0.3072/90.16% | 5.0s
Epoch 120/200 | lr 0.0361 | train 0.3203/88.95% | val 0.3082/89.80% | test 0.3190/89.64% | 5.0s
Epoch 121/200 | lr 0.0353 | train 0.3128/89.14% | val 0.3308/89.20% | test 0.3360/88.71% | 5.1s
Epoch 122/200 | lr 0.0345 | train 0.3131/89.18% | val 0.2731/90.80% | test 0.2955/90.23% | 5.0s
Epoch 123/200 | lr 0.0338 | train 0.3096/89.27% | val 0.2867/90.18% | test 0.2951/90.51% | 5.0s
Epoch 124/200 | lr 0.0330 | train 0.3078/89.39% | val 0.3518/88.46% | test 0.3711/87.97% | 5.0s
Epoch 125/200 | lr 0.0323 | train 0.3068/89.34% | val 0.2566/91.32% | test 0.2720/90.91% | 5.0s
Epoch 126/200 | lr 0.0315 | train 0.2942/89.81% | val 0.2878/90.26% | test 0.3033/89.90% | 5.0s
Epoch 127/200 | lr 0.0308 | train 0.2921/90.00% | val 0.2531/91.24% | test 0.2797/90.69% | 5.0s
Epoch 128/200 | lr 0.0300 | train 0.2969/89.57% | val 0.2461/91.82% | test 0.2807/91.11% | 5.1s
Epoch 129/200 | lr 0.0293 | train 0.2844/90.27% | val 0.2413/91.50% | test 0.2563/91.32% | 5.1s
Epoch 130/200 | lr 0.0286 | train 0.2833/90.28% | val 0.2717/90.94% | test 0.2883/90.58% | 5.0s
Epoch 131/200 | lr 0.0278 | train 0.2740/90.64% | val 0.2767/90.54% | test 0.2945/90.35% | 5.1s
Epoch 132/200 | lr 0.0271 | train 0.2795/90.29% | val 0.2263/92.08% | test 0.2504/91.61% | 5.1s
Epoch 133/200 | lr 0.0264 | train 0.2726/90.56% | val 0.2754/90.94% | test 0.3010/90.23% | 5.1s
Epoch 134/200 | lr 0.0257 | train 0.2671/90.69% | val 0.3196/89.84% | test 0.3442/89.47% | 5.0s
Epoch 135/200 | lr 0.0250 | train 0.2653/90.85% | val 0.2411/91.68% | test 0.2702/91.34% | 5.0s
Epoch 136/200 | lr 0.0243 | train 0.2599/91.16% | val 0.2431/91.48% | test 0.2640/91.30% | 5.1s
Epoch 137/200 | lr 0.0236 | train 0.2570/91.11% | val 0.2598/91.44% | test 0.2866/90.73% | 5.1s
Epoch 138/200 | lr 0.0229 | train 0.2476/91.42% | val 0.2278/92.54% | test 0.2536/91.67% | 5.1s
Epoch 139/200 | lr 0.0223 | train 0.2443/91.54% | val 0.2606/91.12% | test 0.2864/90.39% | 5.0s
Epoch 140/200 | lr 0.0216 | train 0.2484/91.23% | val 0.2402/92.04% | test 0.2598/91.47% | 5.0s
Epoch 141/200 | lr 0.0209 | train 0.2424/91.56% | val 0.2566/91.50% | test 0.2667/91.32% | 5.0s
Epoch 142/200 | lr 0.0203 | train 0.2373/91.78% | val 0.2284/92.38% | test 0.2460/92.07% | 5.0s
Epoch 143/200 | lr 0.0196 | train 0.2286/92.14% | val 0.2252/92.52% | test 0.2521/91.89% | 5.1s
Epoch 144/200 | lr 0.0190 | train 0.2252/92.26% | val 0.2250/92.78% | test 0.2359/92.29% | 5.2s
Epoch 145/200 | lr 0.0184 | train 0.2249/92.22% | val 0.2142/93.32% | test 0.2374/92.11% | 5.2s
Epoch 146/200 | lr 0.0178 | train 0.2144/92.61% | val 0.1976/93.20% | test 0.2326/92.51% | 5.0s
Epoch 147/200 | lr 0.0171 | train 0.2105/92.78% | val 0.2373/92.18% | test 0.2569/91.47% | 5.0s
Epoch 148/200 | lr 0.0165 | train 0.2112/92.68% | val 0.2181/92.64% | test 0.2309/92.45% | 5.0s
Epoch 149/200 | lr 0.0159 | train 0.2041/92.97% | val 0.1975/93.34% | test 0.2198/92.80% | 5.2s
Epoch 150/200 | lr 0.0154 | train 0.1987/92.98% | val 0.2344/92.00% | test 0.2603/91.63% | 5.0s
Epoch 151/200 | lr 0.0148 | train 0.1995/93.15% | val 0.1921/93.52% | test 0.2177/92.88% | 5.2s
Epoch 152/200 | lr 0.0142 | train 0.1866/93.48% | val 0.1770/94.44% | test 0.1996/93.58% | 5.1s
Epoch 153/200 | lr 0.0137 | train 0.1855/93.55% | val 0.1823/94.20% | test 0.2236/92.87% | 5.1s
Epoch 154/200 | lr 0.0131 | train 0.1787/93.82% | val 0.2030/93.24% | test 0.2351/92.20% | 5.0s
Epoch 155/200 | lr 0.0126 | train 0.1808/93.73% | val 0.1800/94.18% | test 0.2011/93.77% | 5.1s
Epoch 156/200 | lr 0.0120 | train 0.1724/93.92% | val 0.1862/93.90% | test 0.1995/93.59% | 5.0s
Epoch 157/200 | lr 0.0115 | train 0.1644/94.34% | val 0.1999/93.40% | test 0.2243/93.15% | 5.0s
Epoch 158/200 | lr 0.0110 | train 0.1603/94.45% | val 0.1993/93.60% | test 0.2148/93.49% | 5.0s
Epoch 159/200 | lr 0.0105 | train 0.1562/94.60% | val 0.1921/93.84% | test 0.2060/93.34% | 5.0s
Epoch 160/200 | lr 0.0100 | train 0.1490/94.78% | val 0.1967/94.14% | test 0.2102/93.52% | 5.0s
Epoch 161/200 | lr 0.0095 | train 0.1458/95.04% | val 0.1986/93.52% | test 0.2110/93.40% | 5.0s
Epoch 162/200 | lr 0.0091 | train 0.1396/95.20% | val 0.2048/94.10% | test 0.2158/93.32% | 5.1s
Epoch 163/200 | lr 0.0086 | train 0.1390/95.17% | val 0.1664/94.78% | test 0.1863/94.31% | 5.2s
Epoch 164/200 | lr 0.0082 | train 0.1383/95.21% | val 0.1745/94.58% | test 0.1906/94.15% | 5.0s
Epoch 165/200 | lr 0.0077 | train 0.1254/95.66% | val 0.1712/94.40% | test 0.1931/94.12% | 5.0s
Epoch 166/200 | lr 0.0073 | train 0.1248/95.73% | val 0.1730/94.34% | test 0.1801/94.60% | 5.0s
Epoch 167/200 | lr 0.0069 | train 0.1228/95.87% | val 0.1709/94.74% | test 0.1803/94.51% | 5.0s
Epoch 168/200 | lr 0.0065 | train 0.1182/95.92% | val 0.1758/94.70% | test 0.1880/94.27% | 5.0s
Epoch 169/200 | lr 0.0061 | train 0.1135/96.08% | val 0.1739/94.60% | test 0.1856/94.34% | 5.2s
Epoch 170/200 | lr 0.0057 | train 0.1005/96.68% | val 0.1634/94.92% | test 0.1773/94.48% | 5.2s
Epoch 171/200 | lr 0.0054 | train 0.1018/96.55% | val 0.1678/94.92% | test 0.1783/94.68% | 5.0s
Epoch 172/200 | lr 0.0050 | train 0.0962/96.76% | val 0.1696/94.80% | test 0.1844/94.34% | 5.0s
Epoch 173/200 | lr 0.0047 | train 0.0925/96.81% | val 0.1691/94.80% | test 0.1742/94.79% | 5.0s
Epoch 174/200 | lr 0.0043 | train 0.0912/96.84% | val 0.1677/94.90% | test 0.1794/94.80% | 5.0s
Epoch 175/200 | lr 0.0040 | train 0.0870/97.02% | val 0.1540/95.18% | test 0.1725/94.95% | 5.2s
Epoch 176/200 | lr 0.0037 | train 0.0811/97.26% | val 0.1575/95.20% | test 0.1703/94.85% | 5.3s
Epoch 177/200 | lr 0.0034 | train 0.0758/97.44% | val 0.1630/94.88% | test 0.1713/94.96% | 5.1s
Epoch 178/200 | lr 0.0031 | train 0.0762/97.42% | val 0.1594/95.16% | test 0.1722/94.89% | 5.0s
Epoch 179/200 | lr 0.0028 | train 0.0739/97.47% | val 0.1561/95.38% | test 0.1739/94.95% | 5.6s
Epoch 180/200 | lr 0.0026 | train 0.0701/97.61% | val 0.1587/95.26% | test 0.1755/95.03% | 5.0s
Epoch 181/200 | lr 0.0023 | train 0.0700/97.63% | val 0.1552/95.14% | test 0.1653/95.21% | 5.1s
Epoch 182/200 | lr 0.0021 | train 0.0596/98.05% | val 0.1535/95.54% | test 0.1680/95.25% | 5.2s
Epoch 183/200 | lr 0.0019 | train 0.0635/97.91% | val 0.1597/95.44% | test 0.1623/95.46% | 5.1s
Epoch 184/200 | lr 0.0017 | train 0.0563/98.15% | val 0.1557/95.46% | test 0.1666/95.29% | 5.0s
Epoch 185/200 | lr 0.0015 | train 0.0547/98.14% | val 0.1544/95.40% | test 0.1592/95.76% | 5.0s
Epoch 186/200 | lr 0.0013 | train 0.0527/98.27% | val 0.1480/95.88% | test 0.1589/95.43% | 5.2s
Epoch 187/200 | lr 0.0011 | train 0.0513/98.37% | val 0.1497/95.82% | test 0.1630/95.56% | 5.1s
Epoch 188/200 | lr 0.0009 | train 0.0520/98.30% | val 0.1514/95.60% | test 0.1617/95.55% | 5.0s
Epoch 189/200 | lr 0.0008 | train 0.0489/98.38% | val 0.1512/95.74% | test 0.1587/95.71% | 5.0s
Epoch 190/200 | lr 0.0006 | train 0.0488/98.40% | val 0.1487/95.58% | test 0.1577/95.71% | 5.1s
Epoch 191/200 | lr 0.0005 | train 0.0449/98.59% | val 0.1472/95.76% | test 0.1585/95.72% | 5.0s
Epoch 192/200 | lr 0.0004 | train 0.0453/98.57% | val 0.1497/95.72% | test 0.1565/95.76% | 5.0s
Epoch 193/200 | lr 0.0003 | train 0.0451/98.57% | val 0.1451/95.94% | test 0.1565/95.65% | 5.2s
Epoch 194/200 | lr 0.0002 | train 0.0428/98.64% | val 0.1459/95.76% | test 0.1584/95.66% | 5.0s
Epoch 195/200 | lr 0.0002 | train 0.0428/98.60% | val 0.1461/95.76% | test 0.1585/95.78% | 5.0s
Epoch 196/200 | lr 0.0001 | train 0.0401/98.71% | val 0.1459/95.70% | test 0.1574/95.69% | 5.0s
Epoch 197/200 | lr 0.0001 | train 0.0422/98.66% | val 0.1483/95.66% | test 0.1584/95.68% | 5.0s
Epoch 198/200 | lr 0.0000 | train 0.0412/98.65% | val 0.1467/95.76% | test 0.1580/95.69% | 5.1s
Epoch 199/200 | lr 0.0000 | train 0.0415/98.67% | val 0.1469/95.70% | test 0.1579/95.80% | 5.0s
Epoch 200/200 | lr 0.0000 | train 0.0413/98.66% | val 0.1451/95.86% | test 0.1573/95.67% | 5.0s

BASELINE1 Training Complete in 0.28 hours. Best Val Acc: 95.94% (Saved: baseline1_best.pth)
Saved training curves to 'baseline1_curves.png'.
Saved weight histograms to 'baseline1_histograms.png'.

Final Best Checkpoint Test Accuracy: 95.65% (Loss: 0.1565)

Per-layer weight shape, unique quantized weights, and ternary sparsity:
  layer1.0.conv1                 | shape: (64, 64, 3, 3)     | unique:  7 | zero= 74.9% +alpha= 11.1% -alpha= 14.0%
  layer1.0.conv2                 | shape: (64, 64, 3, 3)     | unique:  3 | zero= 53.1% +alpha= 21.1% -alpha= 25.8%
  layer1.1.conv1                 | shape: (64, 64, 3, 3)     | unique:  8 | zero= 52.6% +alpha= 19.8% -alpha= 27.7%
  layer1.1.conv2                 | shape: (64, 64, 3, 3)     | unique:  7 | zero= 53.4% +alpha= 19.3% -alpha= 27.3%
  layer2.0.conv1                 | shape: (128, 64, 3, 3)    | unique:  8 | zero= 48.9% +alpha= 22.5% -alpha= 28.6%
  layer2.0.conv2                 | shape: (128, 128, 3, 3)   | unique:  7 | zero= 48.0% +alpha= 22.2% -alpha= 29.8%
  layer2.0.shortcut.0            | shape: (128, 64, 1, 1)    | unique:  8 | zero= 53.4% +alpha= 20.1% -alpha= 26.5%
  layer2.1.conv1                 | shape: (128, 128, 3, 3)   | unique:  7 | zero= 50.9% +alpha= 21.4% -alpha= 27.7%
  layer2.1.conv2                 | shape: (128, 128, 3, 3)   | unique:  7 | zero= 52.3% +alpha= 19.5% -alpha= 28.2%
  layer3.0.conv1                 | shape: (256, 128, 3, 3)   | unique:  5 | zero= 47.4% +alpha= 22.2% -alpha= 30.3%
  layer3.0.conv2                 | shape: (256, 256, 3, 3)   | unique:  3 | zero= 47.3% +alpha= 23.6% -alpha= 29.1%
  layer3.0.shortcut.0            | shape: (256, 128, 1, 1)   | unique:  6 | zero= 49.3% +alpha= 20.3% -alpha= 30.3%
  layer3.1.conv1                 | shape: (256, 256, 3, 3)   | unique: 10 | zero= 48.4% +alpha= 21.8% -alpha= 29.8%
  layer3.1.conv2                 | shape: (256, 256, 3, 3)   | unique:  7 | zero= 52.3% +alpha= 18.6% -alpha= 29.0%
  layer4.0.conv1                 | shape: (512, 256, 3, 3)   | unique:  7 | zero= 47.7% +alpha= 23.3% -alpha= 29.0%
  layer4.0.conv2                 | shape: (512, 512, 3, 3)   | unique:  7 | zero= 51.0% +alpha= 22.1% -alpha= 26.9%
  layer4.0.shortcut.0            | shape: (512, 256, 1, 1)   | unique:  8 | zero= 49.7% +alpha= 22.5% -alpha= 27.8%
  layer4.1.conv1                 | shape: (512, 512, 3, 3)   | unique:  9 | zero= 51.7% +alpha= 19.0% -alpha= 29.2%
  layer4.1.conv2                 | shape: (512, 512, 3, 3)   | unique:  7 | zero= 54.6% +alpha= 20.6% -alpha= 24.8%

Running Quantization Behavioral Verification Check...
Mean |logit difference| between quantized and raw-latent forward: 584.6972
Prediction agreement between the two passes: 10.16%
Quantization is genuinely constraining the model computation.

===========================================================================
MODEL SIZE & BIT-LEVEL COMPRESSION MATHEMATICS (baseline1)
===========================================================================
1. Parameter Count Breakdown:
   - Total Parameters:                       11,173,962
   - Ternary (2-bit packed) Parameters:      11,157,504 ( 99.85%)
   - FP32 Unquantized Parameters:                16,458 (  0.15%)
   - Layerwise Alpha Scaling Factors:                19 (FP32 scalars)

2. Exact Bitstream Storage Calculation:
   - Ternary Weight Bits : 11,157,504 params x  2 bits =   22,315,008 bits
   - FP32 Parameter Bits :     16,458 params x 32 bits =      526,656 bits
   - Alpha Scaling Bits  :         19 layers x 32 bits =          608 bits
   -------------------------------------------------------------------
   - Total Compressed Bits:                          =   22,842,272 bits
   - Compressed Size: 22,842,272 / (8 x 1024^2)    =         2.72 MB

3. Baseline Comparison & Compression Summary:
   - Full FP32 Baseline Memory Footprint:                   42.63 MB
   - Theoretical 2-Bit Footprint (Deployment):               2.72 MB
   - Mathematical Compression Ratio:                        15.65x
   - Training Checkpoint on Disk (FP32 state_dict):         42.70 MB
===========================================================================


===========================================================================
RUNNING EXPERIMENT: BASELINE2
Configuration: Temp=15.0, KD Lambda=0.5, LabelSmoothing=0.0, QuantizeFirstLast=False
===========================================================================

--- Baseline 2 Stage 1: FP32 KD Pretraining (100 epochs) ---
[Baseline2 - Stage 1   1/100] lr 0.0201 | train 258.5591/41.74% | val 258.2220/48.92% | test 258.2085/48.74% | 7.3s
[Baseline2 - Stage 1   2/100] lr 0.0401 | train 257.5917/59.73% | val 256.7326/68.80% | test 256.6924/69.35% | 7.4s
[Baseline2 - Stage 1   3/100] lr 0.0601 | train 257.1171/67.41% | val 256.8809/67.00% | test 256.8584/67.11% | 7.3s
[Baseline2 - Stage 1   4/100] lr 0.0801 | train 256.8501/71.09% | val 257.9115/57.02% | test 257.9050/57.37% | 7.3s
[Baseline2 - Stage 1   5/100] lr 0.1000 | train 256.6886/73.79% | val 256.8630/67.68% | test 256.8894/66.87% | 7.3s
[Baseline2 - Stage 1   6/100] lr 0.1000 | train 256.5598/75.72% | val 256.1263/77.22% | test 256.1361/77.43% | 7.4s
[Baseline2 - Stage 1   7/100] lr 0.0999 | train 256.4200/77.46% | val 256.2422/76.38% | test 256.2401/76.51% | 7.3s
[Baseline2 - Stage 1   8/100] lr 0.0998 | train 256.3501/78.55% | val 256.5896/73.40% | test 256.5879/72.78% | 7.3s
[Baseline2 - Stage 1   9/100] lr 0.0996 | train 256.2895/79.38% | val 255.8151/80.80% | test 255.8424/80.80% | 7.4s
[Baseline2 - Stage 1  10/100] lr 0.0993 | train 256.2405/79.87% | val 255.8502/80.46% | test 255.8931/79.86% | 7.3s
[Baseline2 - Stage 1  11/100] lr 0.0990 | train 256.2063/80.64% | val 255.6207/83.34% | test 255.6086/83.52% | 7.4s
[Baseline2 - Stage 1  12/100] lr 0.0987 | train 256.1857/80.92% | val 255.5940/84.04% | test 255.6086/83.67% | 7.6s
[Baseline2 - Stage 1  13/100] lr 0.0983 | train 256.1517/81.51% | val 255.6733/83.28% | test 255.6664/83.66% | 7.3s
[Baseline2 - Stage 1  14/100] lr 0.0978 | train 256.1101/82.00% | val 255.5336/84.16% | test 255.5633/84.15% | 7.4s
[Baseline2 - Stage 1  15/100] lr 0.0973 | train 256.0946/82.18% | val 255.5551/85.18% | test 255.5726/84.61% | 7.4s
[Baseline2 - Stage 1  16/100] lr 0.0967 | train 256.0763/82.41% | val 255.8388/82.06% | test 255.8586/81.52% | 7.4s
[Baseline2 - Stage 1  17/100] lr 0.0961 | train 256.0393/83.06% | val 255.5546/84.28% | test 255.5798/83.83% | 7.3s
[Baseline2 - Stage 1  18/100] lr 0.0955 | train 256.0449/82.96% | val 255.5906/84.76% | test 255.6384/83.74% | 7.3s
[Baseline2 - Stage 1  19/100] lr 0.0947 | train 256.0069/83.70% | val 255.7858/82.10% | test 255.7445/82.56% | 7.3s
[Baseline2 - Stage 1  20/100] lr 0.0940 | train 255.9945/83.69% | val 255.6350/84.00% | test 255.6612/83.81% | 7.3s
[Baseline2 - Stage 1  21/100] lr 0.0932 | train 255.9688/84.12% | val 255.6653/83.10% | test 255.7024/82.48% | 7.3s
[Baseline2 - Stage 1  22/100] lr 0.0923 | train 255.9574/84.12% | val 255.5052/85.64% | test 255.5270/84.98% | 7.4s
[Baseline2 - Stage 1  23/100] lr 0.0914 | train 255.9434/84.42% | val 255.6268/84.34% | test 255.6894/83.14% | 7.3s
[Baseline2 - Stage 1  24/100] lr 0.0905 | train 255.9365/84.53% | val 255.3186/87.58% | test 255.3318/87.09% | 7.4s
[Baseline2 - Stage 1  25/100] lr 0.0895 | train 255.9275/84.63% | val 255.9245/80.58% | test 255.9971/80.23% | 7.3s
[Baseline2 - Stage 1  26/100] lr 0.0884 | train 255.8938/85.16% | val 255.3929/86.56% | test 255.3871/86.90% | 7.3s
[Baseline2 - Stage 1  27/100] lr 0.0873 | train 255.9015/85.12% | val 255.3960/86.92% | test 255.4257/86.42% | 7.3s
[Baseline2 - Stage 1  28/100] lr 0.0862 | train 255.8888/85.19% | val 255.5394/85.26% | test 255.5741/84.66% | 7.3s
[Baseline2 - Stage 1  29/100] lr 0.0851 | train 255.8794/85.33% | val 255.3926/86.94% | test 255.3834/86.90% | 7.3s
[Baseline2 - Stage 1  30/100] lr 0.0839 | train 255.8480/85.84% | val 255.1920/89.00% | test 255.2383/88.55% | 7.4s
[Baseline2 - Stage 1  31/100] lr 0.0826 | train 255.8532/85.82% | val 255.2311/88.70% | test 255.2737/87.91% | 7.3s
[Baseline2 - Stage 1  32/100] lr 0.0814 | train 255.8344/85.90% | val 255.2080/88.40% | test 255.2196/88.63% | 7.3s
[Baseline2 - Stage 1  33/100] lr 0.0801 | train 255.8164/86.22% | val 255.4391/85.94% | test 255.4382/86.34% | 7.3s
[Baseline2 - Stage 1  34/100] lr 0.0787 | train 255.8103/86.19% | val 255.1797/89.32% | test 255.1806/89.19% | 7.4s
[Baseline2 - Stage 1  35/100] lr 0.0773 | train 255.7955/86.58% | val 255.2036/88.90% | test 255.2196/88.63% | 7.3s
[Baseline2 - Stage 1  36/100] lr 0.0759 | train 255.7993/86.69% | val 255.2489/88.68% | test 255.2557/88.14% | 7.3s
[Baseline2 - Stage 1  37/100] lr 0.0745 | train 255.7592/86.98% | val 255.2294/88.46% | test 255.2615/87.97% | 7.3s
[Baseline2 - Stage 1  38/100] lr 0.0731 | train 255.7697/86.99% | val 255.3626/87.20% | test 255.3460/86.94% | 7.3s
[Baseline2 - Stage 1  39/100] lr 0.0716 | train 255.7607/87.08% | val 255.2551/88.50% | test 255.2705/88.11% | 7.3s
[Baseline2 - Stage 1  40/100] lr 0.0701 | train 255.7356/87.33% | val 255.2287/89.12% | test 255.2450/88.56% | 7.3s
[Baseline2 - Stage 1  41/100] lr 0.0686 | train 255.7382/87.34% | val 255.1395/89.98% | test 255.1694/89.28% | 7.4s
[Baseline2 - Stage 1  42/100] lr 0.0670 | train 255.7110/87.67% | val 255.1883/89.56% | test 255.2286/88.63% | 7.3s
[Baseline2 - Stage 1  43/100] lr 0.0655 | train 255.6930/87.99% | val 255.3076/87.68% | test 255.2604/88.34% | 7.3s
[Baseline2 - Stage 1  44/100] lr 0.0639 | train 255.6746/88.26% | val 255.0334/91.00% | test 255.0385/91.03% | 7.4s
[Baseline2 - Stage 1  45/100] lr 0.0623 | train 255.6630/88.28% | val 255.3418/87.26% | test 255.3762/87.03% | 7.3s
[Baseline2 - Stage 1  46/100] lr 0.0607 | train 255.6552/88.52% | val 255.0468/90.72% | test 255.0805/90.47% | 7.3s
[Baseline2 - Stage 1  47/100] lr 0.0590 | train 255.6528/88.37% | val 255.1899/88.84% | test 255.2014/89.21% | 7.3s
[Baseline2 - Stage 1  48/100] lr 0.0574 | train 255.6408/88.64% | val 255.1992/89.02% | test 255.2069/89.20% | 7.3s
[Baseline2 - Stage 1  49/100] lr 0.0558 | train 255.6181/88.94% | val 255.1511/89.68% | test 255.1783/89.70% | 7.3s
[Baseline2 - Stage 1  50/100] lr 0.0541 | train 255.6088/89.30% | val 255.0964/90.18% | test 255.1502/89.55% | 7.3s
[Baseline2 - Stage 1  51/100] lr 0.0525 | train 255.6057/89.45% | val 255.1043/90.32% | test 255.1502/89.23% | 7.3s
[Baseline2 - Stage 1  52/100] lr 0.0508 | train 255.5918/89.31% | val 255.0366/91.16% | test 255.0247/91.00% | 7.4s
[Baseline2 - Stage 1  53/100] lr 0.0492 | train 255.5563/89.68% | val 255.1396/89.90% | test 255.1679/89.59% | 7.3s
[Baseline2 - Stage 1  54/100] lr 0.0475 | train 255.5332/90.30% | val 255.1115/89.76% | test 255.1549/89.30% | 7.3s
[Baseline2 - Stage 1  55/100] lr 0.0459 | train 255.5317/90.18% | val 255.1407/90.24% | test 255.1479/89.94% | 7.3s
[Baseline2 - Stage 1  56/100] lr 0.0442 | train 255.5191/90.53% | val 254.8987/92.72% | test 254.9335/92.10% | 7.4s
[Baseline2 - Stage 1  57/100] lr 0.0426 | train 255.5004/90.80% | val 254.9549/91.94% | test 254.9694/92.08% | 7.3s
[Baseline2 - Stage 1  58/100] lr 0.0410 | train 255.4867/90.97% | val 254.8996/92.86% | test 254.9041/92.86% | 7.4s
[Baseline2 - Stage 1  59/100] lr 0.0393 | train 255.4730/91.20% | val 254.9327/91.96% | test 254.9571/92.09% | 7.3s
[Baseline2 - Stage 1  60/100] lr 0.0377 | train 255.4563/91.42% | val 254.9060/92.22% | test 254.9460/91.71% | 7.3s
[Baseline2 - Stage 1  61/100] lr 0.0361 | train 255.4575/91.32% | val 254.9641/92.02% | test 254.9786/91.58% | 7.3s
[Baseline2 - Stage 1  62/100] lr 0.0345 | train 255.4118/91.99% | val 254.8562/92.98% | test 254.8755/93.07% | 7.4s
[Baseline2 - Stage 1  63/100] lr 0.0330 | train 255.4134/92.24% | val 254.8338/93.50% | test 254.8499/93.34% | 7.4s
[Baseline2 - Stage 1  64/100] lr 0.0314 | train 255.3869/92.57% | val 254.8568/93.48% | test 254.9021/92.60% | 7.3s
[Baseline2 - Stage 1  65/100] lr 0.0299 | train 255.3805/92.59% | val 254.8493/93.06% | test 254.8791/92.82% | 7.3s
[Baseline2 - Stage 1  66/100] lr 0.0284 | train 255.3592/93.00% | val 254.8828/93.12% | test 254.9071/92.41% | 7.3s
[Baseline2 - Stage 1  67/100] lr 0.0269 | train 255.3496/92.94% | val 254.9129/92.58% | test 254.9259/92.48% | 7.3s
[Baseline2 - Stage 1  68/100] lr 0.0255 | train 255.3214/93.40% | val 254.8032/93.56% | test 254.8248/93.70% | 7.4s
[Baseline2 - Stage 1  69/100] lr 0.0241 | train 255.3061/93.72% | val 254.8272/93.46% | test 254.8524/93.23% | 7.3s
[Baseline2 - Stage 1  70/100] lr 0.0227 | train 255.2906/93.83% | val 254.7871/94.12% | test 254.8181/93.69% | 7.4s
[Baseline2 - Stage 1  71/100] lr 0.0213 | train 255.2773/94.27% | val 254.7636/94.02% | test 254.7713/94.05% | 7.3s
[Baseline2 - Stage 1  72/100] lr 0.0199 | train 255.2459/94.66% | val 254.7468/94.88% | test 254.7780/94.31% | 7.4s
[Baseline2 - Stage 1  73/100] lr 0.0186 | train 255.2388/94.86% | val 254.7735/94.30% | test 254.7846/94.15% | 7.3s
[Baseline2 - Stage 1  74/100] lr 0.0174 | train 255.2157/95.16% | val 254.7155/94.82% | test 254.7458/94.31% | 7.3s
[Baseline2 - Stage 1  75/100] lr 0.0161 | train 255.2039/95.46% | val 254.7043/94.98% | test 254.7345/94.74% | 7.4s
[Baseline2 - Stage 1  76/100] lr 0.0149 | train 255.1909/95.77% | val 254.7296/94.68% | test 254.7599/94.51% | 7.3s
[Baseline2 - Stage 1  77/100] lr 0.0138 | train 255.1669/95.80% | val 254.6882/95.38% | test 254.7204/95.01% | 7.4s
[Baseline2 - Stage 1  78/100] lr 0.0127 | train 255.1476/96.13% | val 254.6801/95.32% | test 254.7000/95.05% | 7.3s
[Baseline2 - Stage 1  79/100] lr 0.0116 | train 255.1367/96.34% | val 254.6602/95.52% | test 254.6950/95.08% | 7.5s
[Baseline2 - Stage 1  80/100] lr 0.0105 | train 255.1221/96.66% | val 254.6418/95.80% | test 254.6619/95.44% | 7.5s
[Baseline2 - Stage 1  81/100] lr 0.0095 | train 255.0959/97.09% | val 254.6521/95.76% | test 254.6675/95.44% | 7.3s
[Baseline2 - Stage 1  82/100] lr 0.0086 | train 255.0878/97.24% | val 254.6309/95.94% | test 254.6506/95.76% | 7.4s
[Baseline2 - Stage 1  83/100] lr 0.0077 | train 255.0829/97.38% | val 254.6197/95.98% | test 254.6324/95.88% | 7.4s
[Baseline2 - Stage 1  84/100] lr 0.0068 | train 255.0767/97.45% | val 254.6119/96.04% | test 254.6360/95.80% | 7.4s
[Baseline2 - Stage 1  85/100] lr 0.0060 | train 255.0643/97.79% | val 254.6032/96.24% | test 254.6307/95.95% | 7.5s
[Baseline2 - Stage 1  86/100] lr 0.0053 | train 255.0483/97.87% | val 254.5920/96.22% | test 254.6147/96.01% | 7.3s
[Baseline2 - Stage 1  87/100] lr 0.0045 | train 255.0426/97.97% | val 254.5918/96.20% | test 254.6110/96.08% | 7.3s
[Baseline2 - Stage 1  88/100] lr 0.0039 | train 255.0433/97.89% | val 254.5913/96.18% | test 254.6104/96.20% | 7.3s
[Baseline2 - Stage 1  89/100] lr 0.0033 | train 255.0337/98.13% | val 254.5795/96.48% | test 254.6001/96.18% | 7.4s
[Baseline2 - Stage 1  90/100] lr 0.0027 | train 255.0200/98.34% | val 254.5812/96.34% | test 254.5988/96.11% | 7.3s
[Baseline2 - Stage 1  91/100] lr 0.0022 | train 255.0259/98.28% | val 254.5720/96.62% | test 254.5930/96.21% | 7.4s
[Baseline2 - Stage 1  92/100] lr 0.0017 | train 255.0231/98.41% | val 254.5689/96.74% | test 254.5905/96.24% | 7.5s
[Baseline2 - Stage 1  93/100] lr 0.0013 | train 255.0143/98.36% | val 254.5661/96.56% | test 254.5881/96.26% | 7.3s
[Baseline2 - Stage 1  94/100] lr 0.0010 | train 255.0163/98.53% | val 254.5659/96.72% | test 254.5872/96.28% | 7.3s
[Baseline2 - Stage 1  95/100] lr 0.0007 | train 255.0204/98.35% | val 254.5633/96.70% | test 254.5854/96.23% | 7.3s
[Baseline2 - Stage 1  96/100] lr 0.0004 | train 255.0042/98.56% | val 254.5619/96.68% | test 254.5836/96.29% | 7.3s
[Baseline2 - Stage 1  97/100] lr 0.0002 | train 255.0132/98.45% | val 254.5632/96.62% | test 254.5838/96.37% | 7.3s
[Baseline2 - Stage 1  98/100] lr 0.0001 | train 255.0070/98.48% | val 254.5633/96.56% | test 254.5831/96.36% | 7.3s
[Baseline2 - Stage 1  99/100] lr 0.0000 | train 255.0141/98.45% | val 254.5627/96.64% | test 254.5825/96.31% | 7.3s
[Baseline2 - Stage 1 100/100] lr 0.0000 | train 255.0149/98.52% | val 254.5623/96.60% | test 254.5823/96.31% | 7.3s

--- Baseline 2 Stage 2: TWN QAT Fine-tuning (100 epochs) ---
[Baseline 2 Transition] Initializing fresh SGD optimizer and new 100-epoch Cosine schedule with 5-epoch warmup on top of pretrained FP32 weights.
[Baseline2 - Stage 2   1/100] lr 0.0201 | train 255.3103/94.33% | val 255.0706/90.98% | test 255.1111/90.00% | 7.7s
[Baseline2 - Stage 2   2/100] lr 0.0401 | train 255.7975/86.67% | val 255.8940/80.38% | test 255.8458/80.71% | 7.7s
[Baseline2 - Stage 2   3/100] lr 0.0601 | train 256.1465/81.53% | val 255.9618/79.00% | test 255.9503/79.04% | 7.6s
[Baseline2 - Stage 2   4/100] lr 0.0801 | train 256.1428/81.78% | val 255.9042/80.06% | test 255.8987/80.14% | 7.6s
[Baseline2 - Stage 2   5/100] lr 0.1000 | train 256.1209/81.84% | val 255.6977/82.70% | test 255.6929/83.02% | 7.7s
[Baseline2 - Stage 2   6/100] lr 0.1000 | train 256.0717/82.63% | val 255.3749/86.92% | test 255.4051/86.14% | 7.7s
[Baseline2 - Stage 2   7/100] lr 0.0999 | train 255.9830/84.02% | val 255.9339/80.98% | test 255.9782/80.50% | 7.6s
[Baseline2 - Stage 2   8/100] lr 0.0998 | train 255.9789/84.05% | val 255.2705/87.72% | test 255.2810/87.37% | 7.6s
[Baseline2 - Stage 2   9/100] lr 0.0996 | train 255.9502/84.34% | val 255.6872/82.56% | test 255.6994/82.48% | 7.7s
[Baseline2 - Stage 2  10/100] lr 0.0993 | train 255.9430/84.47% | val 256.2273/78.48% | test 256.2905/77.56% | 7.7s
[Baseline2 - Stage 2  11/100] lr 0.0990 | train 255.9277/84.59% | val 255.2840/87.48% | test 255.2740/87.60% | 7.7s
[Baseline2 - Stage 2  12/100] lr 0.0987 | train 255.9251/84.83% | val 255.5610/84.40% | test 255.6113/83.66% | 7.7s
[Baseline2 - Stage 2  13/100] lr 0.0983 | train 255.9416/84.56% | val 255.3581/87.20% | test 255.3971/86.39% | 7.6s
[Baseline2 - Stage 2  14/100] lr 0.0978 | train 255.9106/84.87% | val 255.5978/84.92% | test 255.6341/84.37% | 7.7s
[Baseline2 - Stage 2  15/100] lr 0.0973 | train 255.9162/85.03% | val 255.8602/81.20% | test 255.9008/80.55% | 7.7s
[Baseline2 - Stage 2  16/100] lr 0.0967 | train 255.9076/84.89% | val 255.3784/86.30% | test 255.3940/86.29% | 7.6s
[Baseline2 - Stage 2  17/100] lr 0.0961 | train 255.8998/85.32% | val 255.5904/84.22% | test 255.6254/83.56% | 7.7s
[Baseline2 - Stage 2  18/100] lr 0.0955 | train 255.8882/85.05% | val 255.3496/87.38% | test 255.3658/86.88% | 7.6s
[Baseline2 - Stage 2  19/100] lr 0.0947 | train 255.8950/85.08% | val 255.4394/86.14% | test 255.4711/86.28% | 7.6s
[Baseline2 - Stage 2  20/100] lr 0.0940 | train 255.9086/85.04% | val 255.2748/87.70% | test 255.2947/87.52% | 7.6s
[Baseline2 - Stage 2  21/100] lr 0.0932 | train 255.8938/85.28% | val 255.4146/85.80% | test 255.4379/85.59% | 7.7s
[Baseline2 - Stage 2  22/100] lr 0.0923 | train 255.8823/85.23% | val 255.3437/87.14% | test 255.3439/86.95% | 7.6s
[Baseline2 - Stage 2  23/100] lr 0.0914 | train 255.9033/85.05% | val 255.6696/83.08% | test 255.6781/82.56% | 7.7s
[Baseline2 - Stage 2  24/100] lr 0.0905 | train 255.8646/85.52% | val 255.4975/85.02% | test 255.5181/84.20% | 7.7s
[Baseline2 - Stage 2  25/100] lr 0.0895 | train 255.8715/85.73% | val 255.4258/85.94% | test 255.4273/85.56% | 7.7s
[Baseline2 - Stage 2  26/100] lr 0.0884 | train 255.8892/85.27% | val 255.2799/87.88% | test 255.2742/88.02% | 7.7s
[Baseline2 - Stage 2  27/100] lr 0.0873 | train 255.8670/85.54% | val 255.5051/85.20% | test 255.5420/84.91% | 7.7s
[Baseline2 - Stage 2  28/100] lr 0.0862 | train 255.8531/85.71% | val 255.3721/86.54% | test 255.3774/87.00% | 7.6s
[Baseline2 - Stage 2  29/100] lr 0.0851 | train 255.8374/85.98% | val 255.4198/86.70% | test 255.4464/86.42% | 7.7s
[Baseline2 - Stage 2  30/100] lr 0.0839 | train 255.8291/85.83% | val 255.3990/86.66% | test 255.4379/86.48% | 7.7s
[Baseline2 - Stage 2  31/100] lr 0.0826 | train 255.8351/86.16% | val 255.4445/86.46% | test 255.4440/86.19% | 7.7s
[Baseline2 - Stage 2  32/100] lr 0.0814 | train 255.8116/86.19% | val 255.3320/87.74% | test 255.3588/86.78% | 7.6s
[Baseline2 - Stage 2  33/100] lr 0.0801 | train 255.8251/86.09% | val 255.4372/86.22% | test 255.4482/85.90% | 7.7s
[Baseline2 - Stage 2  34/100] lr 0.0787 | train 255.8041/86.48% | val 255.3418/87.12% | test 255.3652/87.05% | 7.7s
[Baseline2 - Stage 2  35/100] lr 0.0773 | train 255.7933/86.66% | val 255.3135/88.02% | test 255.3329/87.35% | 7.6s
[Baseline2 - Stage 2  36/100] lr 0.0759 | train 255.7901/86.75% | val 255.3205/87.46% | test 255.3427/87.14% | 7.6s
[Baseline2 - Stage 2  37/100] lr 0.0745 | train 255.7801/86.79% | val 255.3903/86.96% | test 255.4237/86.39% | 7.7s
[Baseline2 - Stage 2  38/100] lr 0.0731 | train 255.7806/86.77% | val 255.2031/88.90% | test 255.2151/88.86% | 7.7s
[Baseline2 - Stage 2  39/100] lr 0.0716 | train 255.7697/86.87% | val 255.3374/86.90% | test 255.3491/87.02% | 7.7s
[Baseline2 - Stage 2  40/100] lr 0.0701 | train 255.7471/87.28% | val 255.2581/88.36% | test 255.2787/88.18% | 7.7s
[Baseline2 - Stage 2  41/100] lr 0.0686 | train 255.7374/87.32% | val 255.2997/87.72% | test 255.3201/87.91% | 7.6s
[Baseline2 - Stage 2  42/100] lr 0.0670 | train 255.7317/87.55% | val 255.3217/88.06% | test 255.3606/86.78% | 7.7s
[Baseline2 - Stage 2  43/100] lr 0.0655 | train 255.7262/87.68% | val 255.2977/87.62% | test 255.3262/87.26% | 7.7s
[Baseline2 - Stage 2  44/100] lr 0.0639 | train 255.6982/87.66% | val 255.1601/89.22% | test 255.1669/89.45% | 7.6s
[Baseline2 - Stage 2  45/100] lr 0.0623 | train 255.6879/87.97% | val 255.3392/87.44% | test 255.3644/87.26% | 7.6s
[Baseline2 - Stage 2  46/100] lr 0.0607 | train 255.6939/88.01% | val 255.2039/89.48% | test 255.2398/88.59% | 7.7s
[Baseline2 - Stage 2  47/100] lr 0.0590 | train 255.6829/87.97% | val 255.0781/90.72% | test 255.0809/90.45% | 7.7s
[Baseline2 - Stage 2  48/100] lr 0.0574 | train 255.6820/88.25% | val 255.0811/90.24% | test 255.1168/89.73% | 7.7s
[Baseline2 - Stage 2  49/100] lr 0.0558 | train 255.6595/88.39% | val 255.2121/89.60% | test 255.2483/89.12% | 7.6s
[Baseline2 - Stage 2  50/100] lr 0.0541 | train 255.6384/88.73% | val 255.1734/89.28% | test 255.1962/88.91% | 7.7s
[Baseline2 - Stage 2  51/100] lr 0.0525 | train 255.6212/89.04% | val 255.0691/91.14% | test 255.0772/90.47% | 7.8s
[Baseline2 - Stage 2  52/100] lr 0.0508 | train 255.6143/89.06% | val 255.0806/90.98% | test 255.1369/89.86% | 7.7s
[Baseline2 - Stage 2  53/100] lr 0.0492 | train 255.6025/89.27% | val 255.2332/88.64% | test 255.2414/88.83% | 7.7s
[Baseline2 - Stage 2  54/100] lr 0.0475 | train 255.5896/89.50% | val 255.1534/89.56% | test 255.1603/89.46% | 7.7s
[Baseline2 - Stage 2  55/100] lr 0.0459 | train 255.5694/89.73% | val 255.1821/89.08% | test 255.1949/88.72% | 7.7s
[Baseline2 - Stage 2  56/100] lr 0.0442 | train 255.5703/89.72% | val 255.1250/89.94% | test 255.1638/89.31% | 7.6s
[Baseline2 - Stage 2  57/100] lr 0.0426 | train 255.5503/89.95% | val 255.1056/89.92% | test 255.1182/90.14% | 7.7s
[Baseline2 - Stage 2  58/100] lr 0.0410 | train 255.5435/90.10% | val 255.0764/90.60% | test 255.1349/89.70% | 7.7s
[Baseline2 - Stage 2  59/100] lr 0.0393 | train 255.5144/90.56% | val 254.9745/91.90% | test 255.0046/91.41% | 7.8s
[Baseline2 - Stage 2  60/100] lr 0.0377 | train 255.5144/90.65% | val 255.0103/91.20% | test 255.0303/91.06% | 7.7s
[Baseline2 - Stage 2  61/100] lr 0.0361 | train 255.4973/90.88% | val 254.9921/92.02% | test 254.9835/91.78% | 7.8s
[Baseline2 - Stage 2  62/100] lr 0.0345 | train 255.4666/91.30% | val 254.9822/91.30% | test 255.0198/91.05% | 7.7s
[Baseline2 - Stage 2  63/100] lr 0.0330 | train 255.4603/91.28% | val 255.0172/91.40% | test 255.0532/90.90% | 7.6s
[Baseline2 - Stage 2  64/100] lr 0.0314 | train 255.4459/91.63% | val 254.9174/92.18% | test 254.9439/91.93% | 7.8s
[Baseline2 - Stage 2  65/100] lr 0.0299 | train 255.4315/91.72% | val 254.8744/92.92% | test 254.9034/92.87% | 7.8s
[Baseline2 - Stage 2  66/100] lr 0.0284 | train 255.4021/92.27% | val 254.9114/92.14% | test 254.9259/91.92% | 7.6s
[Baseline2 - Stage 2  67/100] lr 0.0269 | train 255.3988/92.34% | val 254.9093/92.36% | test 254.9429/92.11% | 7.7s
[Baseline2 - Stage 2  68/100] lr 0.0255 | train 255.3762/92.58% | val 254.8205/93.68% | test 254.8473/93.11% | 7.9s
[Baseline2 - Stage 2  69/100] lr 0.0241 | train 255.3640/92.84% | val 255.0403/91.22% | test 255.0765/90.47% | 7.7s
[Baseline2 - Stage 2  70/100] lr 0.0227 | train 255.3496/93.20% | val 254.8591/93.36% | test 254.8735/92.98% | 7.6s
[Baseline2 - Stage 2  71/100] lr 0.0213 | train 255.3328/93.32% | val 254.8981/92.62% | test 254.9107/92.75% | 7.6s
[Baseline2 - Stage 2  72/100] lr 0.0199 | train 255.3016/93.87% | val 254.8065/93.56% | test 254.8194/93.61% | 7.6s
[Baseline2 - Stage 2  73/100] lr 0.0186 | train 255.2929/94.01% | val 254.7748/94.44% | test 254.8172/93.39% | 7.7s
[Baseline2 - Stage 2  74/100] lr 0.0174 | train 255.2688/94.30% | val 254.7860/93.92% | test 254.7998/94.03% | 7.7s
[Baseline2 - Stage 2  75/100] lr 0.0161 | train 255.2436/94.70% | val 254.7500/94.46% | test 254.7845/94.04% | 7.8s
[Baseline2 - Stage 2  76/100] lr 0.0149 | train 255.2327/94.98% | val 254.7580/94.24% | test 254.7670/94.11% | 7.7s
[Baseline2 - Stage 2  77/100] lr 0.0138 | train 255.2094/95.19% | val 254.7166/94.60% | test 254.7445/94.49% | 7.8s
[Baseline2 - Stage 2  78/100] lr 0.0127 | train 255.2059/95.45% | val 254.6998/95.10% | test 254.7396/94.49% | 7.8s
[Baseline2 - Stage 2  79/100] lr 0.0116 | train 255.1853/95.76% | val 254.7097/95.04% | test 254.7221/94.94% | 7.7s
[Baseline2 - Stage 2  80/100] lr 0.0105 | train 255.1673/95.90% | val 254.6980/94.98% | test 254.7217/94.87% | 7.6s
[Baseline2 - Stage 2  81/100] lr 0.0095 | train 255.1578/96.16% | val 254.6677/95.30% | test 254.6956/95.18% | 7.8s
[Baseline2 - Stage 2  82/100] lr 0.0086 | train 255.1318/96.53% | val 254.6484/95.50% | test 254.6648/95.45% | 7.8s
[Baseline2 - Stage 2  83/100] lr 0.0077 | train 255.1222/96.78% | val 254.6579/95.30% | test 254.6700/95.22% | 7.7s
[Baseline2 - Stage 2  84/100] lr 0.0068 | train 255.1156/96.81% | val 254.6437/95.72% | test 254.6682/95.31% | 7.8s
[Baseline2 - Stage 2  85/100] lr 0.0060 | train 255.1090/97.01% | val 254.6279/95.64% | test 254.6621/95.55% | 7.7s
[Baseline2 - Stage 2  86/100] lr 0.0053 | train 255.0902/97.31% | val 254.6102/95.98% | test 254.6376/95.71% | 7.8s
[Baseline2 - Stage 2  87/100] lr 0.0045 | train 255.0793/97.48% | val 254.6131/95.96% | test 254.6302/95.87% | 7.6s
[Baseline2 - Stage 2  88/100] lr 0.0039 | train 255.0796/97.52% | val 254.6101/96.00% | test 254.6293/95.95% | 7.8s
[Baseline2 - Stage 2  89/100] lr 0.0033 | train 255.0657/97.70% | val 254.6044/96.08% | test 254.6177/96.04% | 7.8s
[Baseline2 - Stage 2  90/100] lr 0.0027 | train 255.0588/97.74% | val 254.6069/95.84% | test 254.6305/95.56% | 7.7s
[Baseline2 - Stage 2  91/100] lr 0.0022 | train 255.0481/97.83% | val 254.5888/96.12% | test 254.6120/95.88% | 7.8s
[Baseline2 - Stage 2  92/100] lr 0.0017 | train 255.0484/97.93% | val 254.5884/95.96% | test 254.6060/96.35% | 7.7s
[Baseline2 - Stage 2  93/100] lr 0.0013 | train 255.0437/98.18% | val 254.5840/95.98% | test 254.6087/96.04% | 7.7s
[Baseline2 - Stage 2  94/100] lr 0.0010 | train 255.0467/97.97% | val 254.5754/96.24% | test 254.6030/96.13% | 7.7s
[Baseline2 - Stage 2  95/100] lr 0.0007 | train 255.0381/98.10% | val 254.5806/95.98% | test 254.6024/96.17% | 7.7s
[Baseline2 - Stage 2  96/100] lr 0.0004 | train 255.0362/98.25% | val 254.5759/96.26% | test 254.6018/96.23% | 7.7s
[Baseline2 - Stage 2  97/100] lr 0.0002 | train 255.0370/98.17% | val 254.5739/96.30% | test 254.5983/96.22% | 7.8s
[Baseline2 - Stage 2  98/100] lr 0.0001 | train 255.0279/98.17% | val 254.5759/96.18% | test 254.5979/96.25% | 7.7s
[Baseline2 - Stage 2  99/100] lr 0.0000 | train 255.0317/98.13% | val 254.5763/96.22% | test 254.5991/96.21% | 7.7s
[Baseline2 - Stage 2 100/100] lr 0.0000 | train 255.0331/98.21% | val 254.5762/96.24% | test 254.5995/96.16% | 7.6s
Saved training curves to 'baseline2_temp15_curves.png'.
Saved weight histograms to 'baseline2_temp15_histograms.png'.

Final Best Checkpoint Test Accuracy: 96.22% (Loss: 254.5983)

Per-layer weight shape, unique quantized weights, and ternary sparsity:
  layer1.0.conv1                 | shape: (64, 64, 3, 3)     | unique:  7 | zero= 73.0% +alpha= 12.0% -alpha= 15.0%
  layer1.0.conv2                 | shape: (64, 64, 3, 3)     | unique:  3 | zero= 54.2% +alpha= 20.6% -alpha= 25.2%
  layer1.1.conv1                 | shape: (64, 64, 3, 3)     | unique:  7 | zero= 56.5% +alpha= 19.0% -alpha= 24.4%
  layer1.1.conv2                 | shape: (64, 64, 3, 3)     | unique:  7 | zero= 57.0% +alpha= 17.7% -alpha= 25.4%
  layer2.0.conv1                 | shape: (128, 64, 3, 3)    | unique:  3 | zero= 49.0% +alpha= 22.1% -alpha= 29.0%
  layer2.0.conv2                 | shape: (128, 128, 3, 3)   | unique:  8 | zero= 48.1% +alpha= 22.3% -alpha= 29.6%
  layer2.0.shortcut.0            | shape: (128, 64, 1, 1)    | unique:  9 | zero= 54.9% +alpha= 18.8% -alpha= 26.3%
  layer2.1.conv1                 | shape: (128, 128, 3, 3)   | unique:  7 | zero= 50.0% +alpha= 21.8% -alpha= 28.2%
  layer2.1.conv2                 | shape: (128, 128, 3, 3)   | unique:  8 | zero= 52.2% +alpha= 18.9% -alpha= 28.9%
  layer3.0.conv1                 | shape: (256, 128, 3, 3)   | unique:  8 | zero= 47.8% +alpha= 22.3% -alpha= 29.9%
  layer3.0.conv2                 | shape: (256, 256, 3, 3)   | unique:  8 | zero= 47.6% +alpha= 23.6% -alpha= 28.8%
  layer3.0.shortcut.0            | shape: (256, 128, 1, 1)   | unique:  7 | zero= 50.7% +alpha= 19.9% -alpha= 29.4%
  layer3.1.conv1                 | shape: (256, 256, 3, 3)   | unique:  8 | zero= 49.2% +alpha= 21.5% -alpha= 29.3%
  layer3.1.conv2                 | shape: (256, 256, 3, 3)   | unique:  7 | zero= 54.3% +alpha= 17.1% -alpha= 28.6%
  layer4.0.conv1                 | shape: (512, 256, 3, 3)   | unique:  7 | zero= 47.9% +alpha= 23.1% -alpha= 29.1%
  layer4.0.conv2                 | shape: (512, 512, 3, 3)   | unique:  7 | zero= 50.9% +alpha= 21.4% -alpha= 27.7%
  layer4.0.shortcut.0            | shape: (512, 256, 1, 1)   | unique:  8 | zero= 52.0% +alpha= 20.6% -alpha= 27.4%
  layer4.1.conv1                 | shape: (512, 512, 3, 3)   | unique: 11 | zero= 52.6% +alpha= 17.4% -alpha= 30.0%
  layer4.1.conv2                 | shape: (512, 512, 3, 3)   | unique:  7 | zero= 55.8% +alpha= 14.7% -alpha= 29.5%

Running Quantization Behavioral Verification Check...
Mean |logit difference| between quantized and raw-latent forward: 426.0056
Prediction agreement between the two passes: 10.55%
Quantization is genuinely constraining the model computation.

===========================================================================
MODEL SIZE & BIT-LEVEL COMPRESSION MATHEMATICS (baseline2_temp15)
===========================================================================
1. Parameter Count Breakdown:
   - Total Parameters:                       11,173,962
   - Ternary (2-bit packed) Parameters:      11,157,504 ( 99.85%)
   - FP32 Unquantized Parameters:                16,458 (  0.15%)
   - Layerwise Alpha Scaling Factors:                19 (FP32 scalars)

2. Exact Bitstream Storage Calculation:
   - Ternary Weight Bits : 11,157,504 params x  2 bits =   22,315,008 bits
   - FP32 Parameter Bits :     16,458 params x 32 bits =      526,656 bits
   - Alpha Scaling Bits  :         19 layers x 32 bits =          608 bits
   -------------------------------------------------------------------
   - Total Compressed Bits:                          =   22,842,272 bits
   - Compressed Size: 22,842,272 / (8 x 1024^2)    =         2.72 MB

3. Baseline Comparison & Compression Summary:
   - Full FP32 Baseline Memory Footprint:                   42.63 MB
   - Theoretical 2-Bit Footprint (Deployment):               2.72 MB
   - Mathematical Compression Ratio:                        15.65x
   - Training Checkpoint on Disk (FP32 state_dict):         42.70 MB
===========================================================================


===========================================================================
RUNNING EXPERIMENT: BASELINE3
Configuration: Temp=15.0, KD Lambda=0.5, LabelSmoothing=0.0, QuantizeFirstLast=False
===========================================================================
Epoch   1/200 | lr 0.0201 | train 259.7063/20.55% | val 259.1816/28.68% | test 259.1634/28.52% | 7.6s
Epoch   2/200 | lr 0.0401 | train 259.1836/29.82% | val 258.8331/37.56% | test 258.7949/37.23% | 7.7s
Epoch   3/200 | lr 0.0601 | train 259.0231/32.99% | val 258.6698/38.84% | test 258.6300/38.58% | 7.7s
Epoch   4/200 | lr 0.0801 | train 258.9068/35.19% | val 258.7143/37.20% | test 258.6732/38.24% | 7.6s
Epoch   5/200 | lr 0.1000 | train 258.8206/36.95% | val 258.6877/38.94% | test 258.6465/39.02% | 7.7s
Epoch   6/200 | lr 0.1000 | train 258.7063/39.27% | val 258.3864/42.38% | test 258.3209/43.27% | 7.6s
Epoch   7/200 | lr 0.1000 | train 258.5491/42.01% | val 258.6612/38.28% | test 258.6147/38.69% | 7.6s
Epoch   8/200 | lr 0.0999 | train 258.3628/45.57% | val 258.5058/43.38% | test 258.4511/43.67% | 7.9s
Epoch   9/200 | lr 0.0999 | train 258.1656/49.01% | val 257.7495/52.44% | test 257.7489/51.74% | 7.7s
Epoch  10/200 | lr 0.0998 | train 257.9936/51.76% | val 257.6462/53.44% | test 257.6199/54.35% | 7.6s
Epoch  11/200 | lr 0.0998 | train 257.8910/53.95% | val 257.3656/58.96% | test 257.3631/59.24% | 7.8s
Epoch  12/200 | lr 0.0997 | train 257.8106/55.32% | val 257.9812/52.58% | test 257.9634/52.10% | 7.6s
Epoch  13/200 | lr 0.0996 | train 257.7497/56.16% | val 257.8955/51.52% | test 257.9071/50.65% | 7.6s
Epoch  14/200 | lr 0.0995 | train 257.6871/57.20% | val 257.5036/56.32% | test 257.5496/55.23% | 7.6s
Epoch  15/200 | lr 0.0994 | train 257.6485/58.06% | val 257.4870/57.48% | test 257.5166/56.95% | 7.6s
Epoch  16/200 | lr 0.0992 | train 257.6264/58.58% | val 257.6650/56.20% | test 257.6837/56.15% | 7.6s
Epoch  17/200 | lr 0.0991 | train 257.5823/59.41% | val 257.3239/59.26% | test 257.2972/60.82% | 7.7s
Epoch  18/200 | lr 0.0989 | train 257.5620/59.44% | val 257.3956/58.54% | test 257.3974/58.10% | 7.6s
Epoch  19/200 | lr 0.0987 | train 257.5412/59.80% | val 257.5277/56.22% | test 257.5477/55.80% | 7.6s
Epoch  20/200 | lr 0.0985 | train 257.5339/59.69% | val 257.4955/56.10% | test 257.4859/55.69% | 7.6s
Epoch  21/200 | lr 0.0983 | train 257.5075/60.16% | val 257.3910/60.14% | test 257.4138/59.51% | 7.7s
Epoch  22/200 | lr 0.0981 | train 257.4883/60.65% | val 257.5538/56.06% | test 257.5920/55.43% | 7.6s
Epoch  23/200 | lr 0.0979 | train 257.4786/60.77% | val 257.9781/52.06% | test 257.9863/51.84% | 7.6s
Epoch  24/200 | lr 0.0977 | train 257.4492/61.39% | val 257.3752/59.90% | test 257.3589/59.66% | 7.6s
Epoch  25/200 | lr 0.0974 | train 257.4193/61.97% | val 257.4140/60.24% | test 257.4293/59.40% | 7.7s
Epoch  26/200 | lr 0.0972 | train 257.4428/61.41% | val 257.6509/56.08% | test 257.6682/55.56% | 7.6s
Epoch  27/200 | lr 0.0969 | train 257.4081/62.06% | val 257.9141/52.66% | test 257.9107/52.10% | 7.6s
Epoch  28/200 | lr 0.0966 | train 257.3962/62.14% | val 257.6688/55.42% | test 257.6117/56.37% | 7.6s
Epoch  29/200 | lr 0.0963 | train 257.3462/63.08% | val 257.1254/62.66% | test 257.1314/63.29% | 7.7s
Epoch  30/200 | lr 0.0960 | train 257.3467/63.09% | val 256.9625/65.86% | test 257.0389/64.43% | 7.7s
Epoch  31/200 | lr 0.0957 | train 257.3330/63.29% | val 256.7852/68.56% | test 256.8127/67.67% | 7.7s
Epoch  32/200 | lr 0.0953 | train 257.2977/64.06% | val 256.9986/64.80% | test 257.0067/64.11% | 7.6s
Epoch  33/200 | lr 0.0950 | train 257.3123/63.76% | val 256.8324/66.80% | test 256.8683/66.66% | 7.6s
Epoch  34/200 | lr 0.0946 | train 257.2764/64.31% | val 257.0915/63.10% | test 257.1416/62.52% | 7.6s
Epoch  35/200 | lr 0.0943 | train 257.2667/64.43% | val 256.9819/64.04% | test 256.9690/64.34% | 7.6s
Epoch  36/200 | lr 0.0939 | train 257.2463/64.64% | val 257.1872/62.60% | test 257.1556/62.89% | 7.6s
Epoch  37/200 | lr 0.0935 | train 257.2536/64.83% | val 257.5477/59.34% | test 257.5627/58.43% | 7.6s
Epoch  38/200 | lr 0.0931 | train 257.2336/64.81% | val 257.4503/59.26% | test 257.4748/58.03% | 7.6s
Epoch  39/200 | lr 0.0927 | train 257.2440/64.97% | val 256.9862/65.96% | test 256.9538/65.63% | 7.6s
Epoch  40/200 | lr 0.0923 | train 257.2150/65.27% | val 260.5242/35.42% | test 260.5560/34.96% | 7.6s
Epoch  41/200 | lr 0.0918 | train 257.1976/65.62% | val 256.7293/67.74% | test 256.7274/67.94% | 7.6s
Epoch  42/200 | lr 0.0914 | train 257.2117/65.65% | val 257.1388/63.48% | test 257.1132/64.21% | 7.6s
Epoch  43/200 | lr 0.0909 | train 257.1919/65.62% | val 257.0796/65.30% | test 257.0345/64.94% | 7.6s
Epoch  44/200 | lr 0.0905 | train 257.1820/65.96% | val 256.9338/65.84% | test 256.9137/65.72% | 7.6s
Epoch  45/200 | lr 0.0900 | train 257.1758/66.00% | val 257.5619/58.24% | test 257.5256/58.50% | 7.6s
Epoch  46/200 | lr 0.0895 | train 257.1638/66.36% | val 256.9973/64.32% | test 256.9869/64.81% | 7.6s
Epoch  47/200 | lr 0.0890 | train 257.1680/66.12% | val 256.5716/70.62% | test 256.5177/71.69% | 7.7s
Epoch  48/200 | lr 0.0885 | train 257.1609/66.43% | val 256.9087/67.40% | test 256.8938/67.36% | 7.6s
Epoch  49/200 | lr 0.0880 | train 257.1669/66.26% | val 257.2437/62.76% | test 257.2530/62.64% | 7.6s
Epoch  50/200 | lr 0.0874 | train 257.1592/66.17% | val 257.4216/60.56% | test 257.3908/60.39% | 7.6s
Epoch  51/200 | lr 0.0869 | train 257.1352/66.72% | val 256.8242/68.30% | test 256.8211/67.90% | 7.6s
Epoch  52/200 | lr 0.0863 | train 257.1494/66.58% | val 256.6424/70.66% | test 256.6547/69.73% | 7.7s
Epoch  53/200 | lr 0.0858 | train 257.1228/66.86% | val 256.7632/69.24% | test 256.7360/68.31% | 7.6s
Epoch  54/200 | lr 0.0852 | train 257.1163/67.14% | val 256.9985/65.00% | test 257.0046/65.26% | 7.6s
Epoch  55/200 | lr 0.0846 | train 257.1128/66.94% | val 256.8355/67.52% | test 256.8795/66.35% | 7.6s
Epoch  56/200 | lr 0.0841 | train 257.1298/66.90% | val 256.8571/67.92% | test 256.8836/66.92% | 7.6s
Epoch  57/200 | lr 0.0835 | train 257.1234/66.71% | val 257.0175/65.74% | test 257.0002/66.69% | 7.6s
Epoch  58/200 | lr 0.0829 | train 257.0942/67.43% | val 256.7889/68.88% | test 256.7564/69.23% | 7.6s
Epoch  59/200 | lr 0.0822 | train 257.0919/67.54% | val 256.8664/67.98% | test 256.8468/67.45% | 7.6s
Epoch  60/200 | lr 0.0816 | train 257.1186/66.88% | val 256.5436/72.24% | test 256.5270/72.42% | 7.7s
Epoch  61/200 | lr 0.0810 | train 257.0981/67.43% | val 256.7688/67.36% | test 256.7896/67.90% | 7.6s
Epoch  62/200 | lr 0.0804 | train 257.0848/67.61% | val 256.7265/69.92% | test 256.7511/69.48% | 7.6s
Epoch  63/200 | lr 0.0797 | train 257.0711/67.89% | val 257.0692/66.20% | test 257.0663/65.25% | 7.6s
Epoch  64/200 | lr 0.0791 | train 257.0704/67.89% | val 257.3869/61.88% | test 257.3336/62.69% | 7.6s
Epoch  65/200 | lr 0.0784 | train 257.0714/67.53% | val 256.8973/67.24% | test 256.8915/67.23% | 7.6s
Epoch  66/200 | lr 0.0777 | train 257.0501/67.94% | val 256.9807/65.96% | test 257.0449/65.37% | 7.6s
Epoch  67/200 | lr 0.0771 | train 257.0501/68.08% | val 256.5809/70.34% | test 256.5825/71.01% | 7.6s
Epoch  68/200 | lr 0.0764 | train 257.0418/68.16% | val 257.1611/63.58% | test 257.1660/63.44% | 7.6s
Epoch  69/200 | lr 0.0757 | train 257.0489/68.05% | val 256.6872/70.00% | test 256.6727/70.22% | 7.6s
Epoch  70/200 | lr 0.0750 | train 257.0462/68.58% | val 256.7021/67.94% | test 256.7274/68.16% | 7.6s
Epoch  71/200 | lr 0.0743 | train 257.0410/68.14% | val 256.7215/68.28% | test 256.7232/68.54% | 7.6s
Epoch  72/200 | lr 0.0736 | train 257.0287/68.14% | val 256.6462/70.06% | test 256.6088/70.45% | 7.6s
Epoch  73/200 | lr 0.0729 | train 257.0157/68.71% | val 256.7632/67.22% | test 256.7635/67.32% | 7.6s
Epoch  74/200 | lr 0.0722 | train 257.0211/68.77% | val 256.4034/73.48% | test 256.4345/72.52% | 7.7s
Epoch  75/200 | lr 0.0714 | train 257.0116/68.54% | val 257.0964/64.68% | test 257.0851/64.97% | 7.6s
Epoch  76/200 | lr 0.0707 | train 257.0080/68.51% | val 256.7556/68.38% | test 256.7263/69.01% | 7.6s
Epoch  77/200 | lr 0.0700 | train 257.0161/68.58% | val 256.4764/72.24% | test 256.5086/72.37% | 7.6s
Epoch  78/200 | lr 0.0692 | train 256.9953/69.03% | val 256.4998/72.26% | test 256.5482/71.42% | 7.6s
Epoch  79/200 | lr 0.0685 | train 257.0034/68.97% | val 257.4089/61.60% | test 257.4088/62.26% | 7.6s
Epoch  80/200 | lr 0.0677 | train 256.9725/69.39% | val 256.3441/74.06% | test 256.3211/74.45% | 7.7s
Epoch  81/200 | lr 0.0670 | train 256.9805/69.28% | val 256.5835/71.70% | test 256.6043/71.33% | 7.6s
Epoch  82/200 | lr 0.0662 | train 256.9904/69.08% | val 256.5224/71.96% | test 256.5413/71.47% | 7.6s
Epoch  83/200 | lr 0.0655 | train 256.9792/69.03% | val 256.5826/71.20% | test 256.5679/71.01% | 7.6s
Epoch  84/200 | lr 0.0647 | train 256.9769/69.27% | val 256.7748/69.26% | test 256.7845/68.64% | 7.6s
Epoch  85/200 | lr 0.0639 | train 256.9546/69.40% | val 256.8959/66.94% | test 256.9085/66.61% | 7.6s
Epoch  86/200 | lr 0.0631 | train 256.9638/69.47% | val 256.4584/72.34% | test 256.4778/71.89% | 7.6s
Epoch  87/200 | lr 0.0624 | train 256.9630/69.35% | val 256.5678/71.40% | test 256.5603/70.83% | 7.6s
Epoch  88/200 | lr 0.0616 | train 256.9490/69.69% | val 256.6448/70.94% | test 256.6460/70.36% | 7.6s
Epoch  89/200 | lr 0.0608 | train 256.9533/69.68% | val 257.0200/64.94% | test 257.0266/65.03% | 7.6s
Epoch  90/200 | lr 0.0600 | train 256.9497/69.56% | val 256.7635/68.46% | test 256.7574/68.63% | 7.6s
Epoch  91/200 | lr 0.0592 | train 256.9560/69.74% | val 256.6848/69.48% | test 256.6426/69.74% | 7.6s
Epoch  92/200 | lr 0.0584 | train 256.9341/69.72% | val 256.3964/73.64% | test 256.3963/73.62% | 7.6s
Epoch  93/200 | lr 0.0576 | train 256.9368/70.03% | val 256.7050/67.68% | test 256.7267/67.28% | 7.6s
Epoch  94/200 | lr 0.0568 | train 256.9342/70.21% | val 256.6968/68.70% | test 256.6944/68.31% | 7.6s
Epoch  95/200 | lr 0.0560 | train 256.9017/70.33% | val 256.4854/71.68% | test 256.4955/71.03% | 7.6s
Epoch  96/200 | lr 0.0552 | train 256.9221/70.06% | val 256.4347/72.78% | test 256.4364/72.96% | 7.6s
Epoch  97/200 | lr 0.0544 | train 256.9236/69.90% | val 256.6775/69.70% | test 256.7061/69.21% | 7.6s
Epoch  98/200 | lr 0.0536 | train 256.9080/70.34% | val 257.3091/62.90% | test 257.2892/62.65% | 7.6s
Epoch  99/200 | lr 0.0528 | train 256.9103/70.24% | val 256.4559/72.86% | test 256.4528/72.76% | 7.6s
Epoch 100/200 | lr 0.0520 | train 256.9006/70.19% | val 256.2158/75.98% | test 256.1952/76.28% | 7.7s
Epoch 101/200 | lr 0.0512 | train 256.8804/70.66% | val 257.0477/65.48% | test 257.0226/65.86% | 7.6s
Epoch 102/200 | lr 0.0504 | train 256.8938/70.44% | val 256.3180/74.90% | test 256.3501/73.51% | 7.6s
Epoch 103/200 | lr 0.0496 | train 256.8778/70.64% | val 257.7711/56.40% | test 257.8510/54.79% | 7.6s
Epoch 104/200 | lr 0.0488 | train 256.8783/70.79% | val 256.2979/74.36% | test 256.2807/74.52% | 7.6s
Epoch 105/200 | lr 0.0480 | train 256.8673/70.78% | val 256.5341/71.28% | test 256.5020/71.42% | 7.6s
Epoch 106/200 | lr 0.0472 | train 256.8578/71.19% | val 256.2590/75.08% | test 256.2873/74.72% | 7.6s
Epoch 107/200 | lr 0.0464 | train 256.8637/70.94% | val 256.6285/69.14% | test 256.6482/68.84% | 7.6s
Epoch 108/200 | lr 0.0456 | train 256.8675/70.85% | val 256.2934/75.36% | test 256.2919/74.78% | 7.6s
Epoch 109/200 | lr 0.0448 | train 256.8503/71.12% | val 256.2875/75.30% | test 256.2653/75.39% | 7.6s
Epoch 110/200 | lr 0.0440 | train 256.8488/71.39% | val 256.1572/76.16% | test 256.1893/76.06% | 7.6s
Epoch 111/200 | lr 0.0432 | train 256.8611/70.76% | val 256.5236/71.80% | test 256.5100/72.20% | 7.6s
Epoch 112/200 | lr 0.0424 | train 256.8410/71.55% | val 256.2057/76.80% | test 256.1790/76.50% | 7.6s
Epoch 113/200 | lr 0.0416 | train 256.8448/71.24% | val 256.1684/77.04% | test 256.1581/77.62% | 7.7s
Epoch 114/200 | lr 0.0408 | train 256.8258/71.43% | val 256.2861/76.02% | test 256.2974/75.44% | 7.6s
Epoch 115/200 | lr 0.0400 | train 256.8381/71.14% | val 256.4499/72.82% | test 256.4551/72.62% | 7.6s
Epoch 116/200 | lr 0.0392 | train 256.8275/71.65% | val 256.3168/74.22% | test 256.3215/74.88% | 7.6s
Epoch 117/200 | lr 0.0384 | train 256.8105/71.98% | val 256.7404/68.48% | test 256.7038/68.90% | 7.6s
Epoch 118/200 | lr 0.0376 | train 256.8098/71.74% | val 256.1501/76.18% | test 256.1304/77.49% | 7.6s
Epoch 119/200 | lr 0.0369 | train 256.7947/71.91% | val 256.3163/74.50% | test 256.3100/75.34% | 7.6s
Epoch 120/200 | lr 0.0361 | train 256.8088/71.69% | val 256.1157/77.72% | test 256.0980/77.95% | 7.7s
Epoch 121/200 | lr 0.0353 | train 256.7990/71.82% | val 256.1076/77.54% | test 256.0868/77.75% | 7.6s
Epoch 122/200 | lr 0.0345 | train 256.7866/72.14% | val 256.2116/75.72% | test 256.1908/76.37% | 7.6s
Epoch 123/200 | lr 0.0338 | train 256.7869/71.98% | val 256.3083/74.46% | test 256.3110/74.85% | 7.6s
Epoch 124/200 | lr 0.0330 | train 256.7816/72.10% | val 256.1805/76.04% | test 256.1710/76.25% | 7.6s
Epoch 125/200 | lr 0.0323 | train 256.7695/72.44% | val 256.3338/73.96% | test 256.3064/74.76% | 7.6s
Epoch 126/200 | lr 0.0315 | train 256.7685/72.39% | val 256.1565/76.24% | test 256.1659/76.27% | 7.6s
Epoch 127/200 | lr 0.0308 | train 256.7522/72.51% | val 256.2238/75.78% | test 256.2233/75.50% | 7.6s
Epoch 128/200 | lr 0.0300 | train 256.7449/72.82% | val 256.2957/75.14% | test 256.2644/75.62% | 7.6s
Epoch 129/200 | lr 0.0293 | train 256.7477/72.79% | val 256.1633/77.12% | test 256.1680/76.48% | 7.6s
Epoch 130/200 | lr 0.0286 | train 256.7282/72.84% | val 256.1925/76.48% | test 256.1607/76.90% | 7.6s
Epoch 131/200 | lr 0.0278 | train 256.7331/73.11% | val 256.3810/74.18% | test 256.3766/73.58% | 7.6s
Epoch 132/200 | lr 0.0271 | train 256.7259/73.11% | val 255.9585/79.52% | test 255.9431/80.13% | 7.7s
Epoch 133/200 | lr 0.0264 | train 256.7255/72.95% | val 256.1624/76.86% | test 256.1688/76.81% | 7.6s
Epoch 134/200 | lr 0.0257 | train 256.7230/73.29% | val 256.0194/78.50% | test 256.0121/77.75% | 7.6s
Epoch 135/200 | lr 0.0250 | train 256.7018/73.51% | val 256.1407/77.14% | test 256.1683/76.26% | 7.6s
Epoch 136/200 | lr 0.0243 | train 256.7025/73.30% | val 256.0851/78.04% | test 256.0846/77.25% | 7.6s
Epoch 137/200 | lr 0.0236 | train 256.6963/73.39% | val 256.2691/74.80% | test 256.2471/75.20% | 7.6s
Epoch 138/200 | lr 0.0229 | train 256.7010/73.42% | val 256.1158/77.64% | test 256.0980/77.66% | 7.6s
Epoch 139/200 | lr 0.0223 | train 256.6794/73.64% | val 256.0196/78.54% | test 256.0078/78.34% | 7.6s
Epoch 140/200 | lr 0.0216 | train 256.6829/73.93% | val 256.2408/75.18% | test 256.2281/75.68% | 7.6s
Epoch 141/200 | lr 0.0209 | train 256.6767/73.64% | val 255.9805/78.20% | test 255.9966/78.15% | 7.6s
Epoch 142/200 | lr 0.0203 | train 256.6523/74.39% | val 256.1067/77.92% | test 256.0778/78.38% | 7.6s
Epoch 143/200 | lr 0.0196 | train 256.6633/74.15% | val 256.0832/78.30% | test 256.0906/77.87% | 7.6s
Epoch 144/200 | lr 0.0190 | train 256.6604/73.96% | val 256.0691/78.08% | test 256.0429/78.55% | 7.6s
Epoch 145/200 | lr 0.0184 | train 256.6429/74.40% | val 255.9961/78.80% | test 255.9834/79.36% | 7.6s
Epoch 146/200 | lr 0.0178 | train 256.6509/74.39% | val 255.8889/80.00% | test 255.8772/80.55% | 7.7s
Epoch 147/200 | lr 0.0171 | train 256.6392/74.46% | val 255.9463/79.82% | test 255.9295/79.65% | 7.6s
Epoch 148/200 | lr 0.0165 | train 256.6401/74.48% | val 256.1210/77.24% | test 256.1402/76.99% | 7.6s
Epoch 149/200 | lr 0.0159 | train 256.6405/74.43% | val 256.0283/78.40% | test 256.0245/77.63% | 7.6s
Epoch 150/200 | lr 0.0154 | train 256.6255/74.75% | val 255.9795/79.32% | test 255.9869/78.93% | 7.6s
Epoch 151/200 | lr 0.0148 | train 256.6237/74.66% | val 255.9174/79.98% | test 255.9244/79.29% | 7.6s
Epoch 152/200 | lr 0.0142 | train 256.6220/74.82% | val 255.9800/79.58% | test 255.9535/79.52% | 7.6s
Epoch 153/200 | lr 0.0137 | train 256.6230/74.73% | val 255.8574/80.60% | test 255.8510/80.64% | 7.7s
Epoch 154/200 | lr 0.0131 | train 256.5999/74.96% | val 255.9267/79.70% | test 255.9285/79.78% | 7.6s
Epoch 155/200 | lr 0.0126 | train 256.5944/75.32% | val 255.8816/80.28% | test 255.8564/80.67% | 7.6s
Epoch 156/200 | lr 0.0120 | train 256.5905/74.99% | val 255.8556/80.88% | test 255.8485/80.58% | 7.7s
Epoch 157/200 | lr 0.0115 | train 256.5933/75.17% | val 255.8415/80.72% | test 255.8200/81.13% | 7.6s
Epoch 158/200 | lr 0.0110 | train 256.5914/75.06% | val 255.8405/81.14% | test 255.8477/80.58% | 7.7s
Epoch 159/200 | lr 0.0105 | train 256.5724/75.55% | val 255.8694/80.40% | test 255.8756/80.45% | 7.6s
Epoch 160/200 | lr 0.0100 | train 256.5713/75.51% | val 255.8419/81.32% | test 255.8325/81.31% | 7.7s
Epoch 161/200 | lr 0.0095 | train 256.5833/75.50% | val 255.8140/81.36% | test 255.8057/81.21% | 7.7s
Epoch 162/200 | lr 0.0091 | train 256.5633/75.85% | val 255.8092/81.84% | test 255.8135/81.25% | 7.8s
Epoch 163/200 | lr 0.0086 | train 256.5652/75.89% | val 255.8405/80.90% | test 255.8369/80.86% | 7.6s
Epoch 164/200 | lr 0.0082 | train 256.5544/76.06% | val 255.8436/80.82% | test 255.8336/80.61% | 7.6s
Epoch 165/200 | lr 0.0077 | train 256.5589/75.65% | val 255.8106/81.70% | test 255.8100/81.17% | 7.6s
Epoch 166/200 | lr 0.0073 | train 256.5434/75.91% | val 255.8187/81.38% | test 255.8135/81.26% | 7.6s
Epoch 167/200 | lr 0.0069 | train 256.5599/75.61% | val 255.8121/81.38% | test 255.7996/81.21% | 7.6s
Epoch 168/200 | lr 0.0065 | train 256.5426/75.81% | val 255.8103/81.42% | test 255.8026/81.57% | 7.6s
Epoch 169/200 | lr 0.0061 | train 256.5543/75.87% | val 255.7850/81.74% | test 255.7869/81.50% | 7.6s
Epoch 170/200 | lr 0.0057 | train 256.5536/75.89% | val 255.7791/81.82% | test 255.7766/81.50% | 7.6s
Epoch 171/200 | lr 0.0054 | train 256.5337/75.94% | val 255.7851/81.74% | test 255.7740/81.91% | 7.6s
Epoch 172/200 | lr 0.0050 | train 256.5408/76.10% | val 255.7773/81.34% | test 255.7799/81.58% | 7.6s
Epoch 173/200 | lr 0.0047 | train 256.5353/76.00% | val 255.7997/81.46% | test 255.7874/81.23% | 7.6s
Epoch 174/200 | lr 0.0043 | train 256.5366/76.21% | val 255.7949/81.52% | test 255.7922/81.40% | 7.6s
Epoch 175/200 | lr 0.0040 | train 256.5317/75.96% | val 255.7718/81.84% | test 255.7645/81.91% | 7.6s
Epoch 176/200 | lr 0.0037 | train 256.5397/76.05% | val 255.7695/82.20% | test 255.7573/82.04% | 7.7s
Epoch 177/200 | lr 0.0034 | train 256.5266/76.20% | val 255.7676/81.86% | test 255.7532/82.01% | 7.6s
Epoch 178/200 | lr 0.0031 | train 256.5267/76.42% | val 255.7790/81.84% | test 255.7683/81.58% | 7.6s
Epoch 179/200 | lr 0.0028 | train 256.5301/76.11% | val 255.7654/81.94% | test 255.7520/81.77% | 7.6s
Epoch 180/200 | lr 0.0026 | train 256.5191/76.53% | val 255.7653/81.76% | test 255.7643/81.70% | 7.6s
Epoch 181/200 | lr 0.0023 | train 256.5267/76.18% | val 255.7602/81.68% | test 255.7523/81.95% | 7.6s
Epoch 182/200 | lr 0.0021 | train 256.5235/76.46% | val 255.7525/81.94% | test 255.7483/82.08% | 7.6s
Epoch 183/200 | lr 0.0019 | train 256.5296/76.37% | val 255.7635/81.84% | test 255.7485/82.15% | 7.6s
Epoch 184/200 | lr 0.0017 | train 256.5165/76.31% | val 255.7549/82.12% | test 255.7475/82.06% | 7.6s
Epoch 185/200 | lr 0.0015 | train 256.5189/76.42% | val 255.7592/82.16% | test 255.7462/81.93% | 7.6s
Epoch 186/200 | lr 0.0013 | train 256.5201/76.37% | val 255.7559/82.08% | test 255.7493/82.00% | 7.6s
Epoch 187/200 | lr 0.0011 | train 256.5180/76.40% | val 255.7572/81.92% | test 255.7417/82.15% | 7.6s
Epoch 188/200 | lr 0.0009 | train 256.5161/76.52% | val 255.7667/81.98% | test 255.7528/81.98% | 7.6s
Epoch 189/200 | lr 0.0008 | train 256.5088/76.40% | val 255.7629/81.68% | test 255.7555/82.00% | 7.6s
Epoch 190/200 | lr 0.0006 | train 256.5049/76.85% | val 255.7596/82.12% | test 255.7469/82.05% | 7.6s
Epoch 191/200 | lr 0.0005 | train 256.5084/76.52% | val 255.7531/82.08% | test 255.7435/82.12% | 7.6s
Epoch 192/200 | lr 0.0004 | train 256.4968/76.72% | val 255.7531/82.12% | test 255.7381/81.90% | 7.6s
Epoch 193/200 | lr 0.0003 | train 256.5052/76.67% | val 255.7525/82.24% | test 255.7406/82.04% | 7.7s
Epoch 194/200 | lr 0.0002 | train 256.4986/76.61% | val 255.7580/82.08% | test 255.7495/82.02% | 7.6s
Epoch 195/200 | lr 0.0002 | train 256.5088/76.46% | val 255.7496/82.14% | test 255.7400/82.09% | 7.6s
Epoch 196/200 | lr 0.0001 | train 256.5085/76.38% | val 255.7509/82.08% | test 255.7410/82.15% | 7.6s
Epoch 197/200 | lr 0.0001 | train 256.5132/76.65% | val 255.7526/82.32% | test 255.7427/82.19% | 7.7s
Epoch 198/200 | lr 0.0000 | train 256.4992/76.71% | val 255.7574/81.96% | test 255.7448/82.01% | 7.6s
Epoch 199/200 | lr 0.0000 | train 256.5016/76.72% | val 255.7487/81.96% | test 255.7363/82.16% | 7.6s
Epoch 200/200 | lr 0.0000 | train 256.5043/76.56% | val 255.7539/81.90% | test 255.7444/82.09% | 7.6s

BASELINE3 Training Complete in 0.42 hours. Best Val Acc: 82.32% (Saved: baseline3_temp15_best.pth)
Saved training curves to 'baseline3_temp15_curves.png'.
Saved weight histograms to 'baseline3_temp15_histograms.png'.

Final Best Checkpoint Test Accuracy: 82.19% (Loss: 255.7427)

Per-layer weight shape, unique quantized weights, and ternary sparsity:
  layer1.0.conv1                 | shape: (64, 64, 3, 3)     | unique:  3 | zero= 34.0% +alpha= 30.0% -alpha= 36.0%
  layer1.0.conv2                 | shape: (64, 64, 3, 3)     | unique:  3 | zero= 33.5% +alpha= 31.4% -alpha= 35.1%
  layer1.1.conv1                 | shape: (64, 64, 3, 3)     | unique:  3 | zero= 34.0% +alpha= 29.1% -alpha= 36.9%
  layer1.1.conv2                 | shape: (64, 64, 3, 3)     | unique:  3 | zero= 33.8% +alpha= 31.7% -alpha= 34.5%
  layer2.0.conv1                 | shape: (128, 64, 3, 3)    | unique:  3 | zero= 33.9% +alpha= 29.7% -alpha= 36.3%
  layer2.0.conv2                 | shape: (128, 128, 3, 3)   | unique:  3 | zero= 34.2% +alpha= 31.1% -alpha= 34.7%
  layer2.0.shortcut.0            | shape: (128, 64, 1, 1)    | unique:  3 | zero= 33.1% +alpha= 29.8% -alpha= 37.1%
  layer2.1.conv1                 | shape: (128, 128, 3, 3)   | unique:  3 | zero= 34.2% +alpha= 30.9% -alpha= 34.9%
  layer2.1.conv2                 | shape: (128, 128, 3, 3)   | unique:  3 | zero= 34.1% +alpha= 31.5% -alpha= 34.4%
  layer3.0.conv1                 | shape: (256, 128, 3, 3)   | unique:  3 | zero= 34.2% +alpha= 31.0% -alpha= 34.8%
  layer3.0.conv2                 | shape: (256, 256, 3, 3)   | unique:  3 | zero= 34.3% +alpha= 31.0% -alpha= 34.7%
  layer3.0.shortcut.0            | shape: (256, 128, 1, 1)   | unique:  3 | zero= 33.6% +alpha= 30.3% -alpha= 36.1%
  layer3.1.conv1                 | shape: (256, 256, 3, 3)   | unique:  3 | zero= 34.3% +alpha= 30.9% -alpha= 34.8%
  layer3.1.conv2                 | shape: (256, 256, 3, 3)   | unique:  3 | zero= 34.3% +alpha= 31.7% -alpha= 34.0%
  layer4.0.conv1                 | shape: (512, 256, 3, 3)   | unique:  3 | zero= 34.2% +alpha= 31.1% -alpha= 34.7%
  layer4.0.conv2                 | shape: (512, 512, 3, 3)   | unique:  3 | zero= 34.5% +alpha= 32.3% -alpha= 33.2%
  layer4.0.shortcut.0            | shape: (512, 256, 1, 1)   | unique:  3 | zero= 33.8% +alpha= 31.4% -alpha= 34.7%
  layer4.1.conv1                 | shape: (512, 512, 3, 3)   | unique:  3 | zero= 35.6% +alpha= 31.8% -alpha= 32.6%
  layer4.1.conv2                 | shape: (512, 512, 3, 3)   | unique:  3 | zero= 36.0% +alpha= 32.3% -alpha= 31.7%

===========================================================================
MODEL SIZE & BIT-LEVEL COMPRESSION MATHEMATICS (baseline3_temp15)
===========================================================================
1. Parameter Count Breakdown:
   - Total Parameters:                       11,173,962
   - Ternary (2-bit packed) Parameters:      11,157,504 ( 99.85%)
   - FP32 Unquantized Parameters:                16,458 (  0.15%)
   - Layerwise Alpha Scaling Factors:                19 (FP32 scalars)

2. Exact Bitstream Storage Calculation:
   - Ternary Weight Bits : 11,157,504 params x  2 bits =   22,315,008 bits
   - FP32 Parameter Bits :     16,458 params x 32 bits =      526,656 bits
   - Alpha Scaling Bits  :         19 layers x 32 bits =          608 bits
   -------------------------------------------------------------------
   - Total Compressed Bits:                          =   22,842,272 bits
   - Compressed Size: 22,842,272 / (8 x 1024^2)    =         2.72 MB

3. Baseline Comparison & Compression Summary:
   - Full FP32 Baseline Memory Footprint:                   42.63 MB
   - Theoretical 2-Bit Footprint (Deployment):               2.72 MB
   - Mathematical Compression Ratio:                        15.65x
   - Training Checkpoint on Disk (FP32 state_dict):         42.70 MB
===========================================================================


===========================================================================
RUNNING EXPERIMENT: BASELINE4
Configuration: Temp=15.0, KD Lambda=0.5, LabelSmoothing=0.0, QuantizeFirstLast=False
===========================================================================
Epoch   1/200 | lr 0.0201 | train 258.6898/39.17% | val 260.5794/36.74% | test 260.5716/36.40% | 7.7s
Epoch   2/200 | lr 0.0401 | train 257.7540/56.83% | val 257.1618/62.34% | test 257.1337/63.25% | 7.8s
Epoch   3/200 | lr 0.0601 | train 257.2584/64.92% | val 256.4841/71.92% | test 256.4886/72.19% | 7.8s
Epoch   4/200 | lr 0.0801 | train 256.9515/69.98% | val 256.2781/74.74% | test 256.2909/74.58% | 8.0s
Epoch   5/200 | lr 0.1000 | train 256.7579/72.59% | val 256.5770/72.06% | test 256.5919/71.73% | 7.7s
Epoch   6/200 | lr 0.1000 | train 256.6207/74.77% | val 256.2047/76.68% | test 256.2113/76.92% | 7.8s
Epoch   7/200 | lr 0.1000 | train 256.4940/76.44% | val 255.9171/80.00% | test 255.9127/79.92% | 7.8s
Epoch   8/200 | lr 0.0999 | train 256.4287/77.29% | val 256.0193/78.24% | test 255.9905/78.87% | 7.7s
Epoch   9/200 | lr 0.0999 | train 256.3597/78.31% | val 255.8201/80.52% | test 255.8110/81.23% | 7.8s
Epoch  10/200 | lr 0.0998 | train 256.2999/79.48% | val 255.8289/80.78% | test 255.8297/81.58% | 7.8s
Epoch  11/200 | lr 0.0998 | train 256.2750/79.55% | val 256.0179/78.54% | test 256.0386/77.93% | 7.7s
Epoch  12/200 | lr 0.0997 | train 256.2537/79.94% | val 255.9150/80.14% | test 255.9079/80.19% | 7.7s
Epoch  13/200 | lr 0.0996 | train 256.2093/80.63% | val 255.6832/83.22% | test 255.6993/82.45% | 7.8s
Epoch  14/200 | lr 0.0995 | train 256.1887/80.84% | val 256.3414/77.20% | test 256.3403/76.66% | 7.8s
Epoch  15/200 | lr 0.0994 | train 256.1891/80.89% | val 255.6518/83.12% | test 255.6603/83.19% | 7.7s
Epoch  16/200 | lr 0.0992 | train 256.1462/81.47% | val 255.5955/84.08% | test 255.5826/84.03% | 7.8s
Epoch  17/200 | lr 0.0991 | train 256.1223/81.78% | val 255.9191/80.36% | test 255.9618/79.82% | 7.7s
Epoch  18/200 | lr 0.0989 | train 256.1375/81.73% | val 255.7388/83.22% | test 255.7674/82.60% | 7.7s
Epoch  19/200 | lr 0.0987 | train 256.1095/82.05% | val 256.0063/79.94% | test 256.0255/79.65% | 7.7s
Epoch  20/200 | lr 0.0985 | train 256.0950/82.12% | val 256.0475/79.66% | test 256.0621/79.48% | 7.7s
Epoch  21/200 | lr 0.0983 | train 256.0917/82.44% | val 255.8930/80.40% | test 255.9133/79.10% | 7.7s
Epoch  22/200 | lr 0.0981 | train 256.0869/82.24% | val 255.7788/81.94% | test 255.7809/81.76% | 7.7s
Epoch  23/200 | lr 0.0979 | train 256.0637/82.64% | val 255.7238/83.14% | test 255.7332/82.88% | 7.7s
Epoch  24/200 | lr 0.0977 | train 256.0663/82.63% | val 255.5704/84.62% | test 255.6188/83.82% | 7.8s
Epoch  25/200 | lr 0.0974 | train 256.0432/83.16% | val 255.6757/83.34% | test 255.7037/82.43% | 7.7s
Epoch  26/200 | lr 0.0972 | train 256.0613/82.65% | val 255.5828/84.32% | test 255.6251/83.88% | 7.7s
Epoch  27/200 | lr 0.0969 | train 256.0280/83.24% | val 255.4983/85.52% | test 255.5351/84.74% | 7.8s
Epoch  28/200 | lr 0.0966 | train 256.0220/83.36% | val 255.4810/85.32% | test 255.5164/84.87% | 7.7s
Epoch  29/200 | lr 0.0963 | train 256.0208/83.34% | val 255.5843/85.08% | test 255.6079/84.54% | 7.7s
Epoch  30/200 | lr 0.0960 | train 256.0086/83.69% | val 255.7881/82.46% | test 255.7878/82.76% | 7.7s
Epoch  31/200 | lr 0.0957 | train 255.9960/83.88% | val 255.6554/83.80% | test 255.6642/83.12% | 7.7s
Epoch  32/200 | lr 0.0953 | train 255.9830/83.79% | val 255.8777/81.92% | test 255.8830/81.31% | 7.7s
Epoch  33/200 | lr 0.0950 | train 255.9848/83.91% | val 255.4618/85.76% | test 255.4783/85.70% | 7.8s
Epoch  34/200 | lr 0.0946 | train 255.9893/83.94% | val 255.3125/87.80% | test 255.3403/87.38% | 7.8s
Epoch  35/200 | lr 0.0943 | train 255.9747/83.95% | val 255.5190/84.78% | test 255.5407/84.74% | 7.7s
Epoch  36/200 | lr 0.0939 | train 255.9693/84.32% | val 255.4531/85.80% | test 255.4484/85.42% | 7.7s
Epoch  37/200 | lr 0.0935 | train 255.9702/84.07% | val 255.8236/81.44% | test 255.8160/81.55% | 7.7s
Epoch  38/200 | lr 0.0931 | train 255.9838/83.80% | val 255.7561/82.58% | test 255.7521/82.23% | 7.7s
Epoch  39/200 | lr 0.0927 | train 255.9586/84.17% | val 255.6297/83.70% | test 255.6830/82.64% | 7.7s
Epoch  40/200 | lr 0.0923 | train 255.9484/84.48% | val 255.5874/84.34% | test 255.6098/84.17% | 7.7s
Epoch  41/200 | lr 0.0918 | train 255.9487/84.36% | val 255.6815/84.26% | test 255.6806/84.10% | 7.7s
Epoch  42/200 | lr 0.0914 | train 255.9398/84.53% | val 255.3592/87.42% | test 255.4044/86.14% | 7.7s
Epoch  43/200 | lr 0.0909 | train 255.9400/84.54% | val 255.4643/85.48% | test 255.4825/85.16% | 7.6s
Epoch  44/200 | lr 0.0905 | train 255.9310/84.69% | val 255.9346/82.22% | test 255.9312/81.87% | 7.7s
Epoch  45/200 | lr 0.0900 | train 255.9298/84.43% | val 255.4931/85.84% | test 255.5405/84.87% | 7.7s
Epoch  46/200 | lr 0.0895 | train 255.9301/84.64% | val 255.5846/84.18% | test 255.6058/83.77% | 7.7s
Epoch  47/200 | lr 0.0890 | train 255.9207/84.78% | val 255.3441/86.86% | test 255.3949/86.50% | 7.7s
Epoch  48/200 | lr 0.0885 | train 255.9170/84.98% | val 255.3298/87.56% | test 255.3452/87.29% | 7.7s
Epoch  49/200 | lr 0.0880 | train 255.8971/85.03% | val 255.3847/86.68% | test 255.4051/86.40% | 7.7s
Epoch  50/200 | lr 0.0874 | train 255.9018/85.08% | val 255.3665/87.44% | test 255.4183/86.75% | 7.7s
Epoch  51/200 | lr 0.0869 | train 255.8935/85.22% | val 255.3536/87.18% | test 255.3407/87.11% | 7.7s
Epoch  52/200 | lr 0.0863 | train 255.9055/84.77% | val 255.4915/84.96% | test 255.5481/84.77% | 7.7s
Epoch  53/200 | lr 0.0858 | train 255.8978/85.23% | val 255.3918/86.46% | test 255.3929/86.24% | 7.7s
Epoch  54/200 | lr 0.0852 | train 255.8854/85.39% | val 255.6952/82.46% | test 255.6859/82.72% | 7.7s
Epoch  55/200 | lr 0.0846 | train 255.8796/85.34% | val 255.4162/86.04% | test 255.4230/86.05% | 7.7s
Epoch  56/200 | lr 0.0841 | train 255.8720/85.44% | val 255.3577/86.98% | test 255.3961/86.46% | 7.7s
Epoch  57/200 | lr 0.0835 | train 255.8717/85.54% | val 255.5372/85.52% | test 255.5298/84.69% | 7.7s
Epoch  58/200 | lr 0.0829 | train 255.8637/85.69% | val 255.9329/80.68% | test 255.9864/80.24% | 7.7s
Epoch  59/200 | lr 0.0822 | train 255.8721/85.56% | val 255.3893/86.50% | test 255.4148/86.78% | 7.7s
Epoch  60/200 | lr 0.0816 | train 255.8495/85.77% | val 255.3095/87.60% | test 255.3368/87.01% | 7.7s
Epoch  61/200 | lr 0.0810 | train 255.8483/85.64% | val 255.4460/86.00% | test 255.4429/85.59% | 7.7s
Epoch  62/200 | lr 0.0804 | train 255.8542/85.73% | val 255.2430/87.82% | test 255.2888/87.45% | 7.8s
Epoch  63/200 | lr 0.0797 | train 255.8380/85.81% | val 255.4661/85.80% | test 255.4618/85.74% | 7.7s
Epoch  64/200 | lr 0.0791 | train 255.8439/85.94% | val 255.5190/85.66% | test 255.5683/84.79% | 7.7s
Epoch  65/200 | lr 0.0784 | train 255.8286/86.08% | val 255.3076/87.88% | test 255.3509/86.75% | 7.8s
Epoch  66/200 | lr 0.0777 | train 255.8394/85.96% | val 255.3023/87.86% | test 255.3087/87.85% | 7.7s
Epoch  67/200 | lr 0.0771 | train 255.8227/86.17% | val 255.3509/86.92% | test 255.3471/86.77% | 7.7s
Epoch  68/200 | lr 0.0764 | train 255.8285/86.25% | val 255.4821/85.42% | test 255.4646/85.14% | 7.7s
Epoch  69/200 | lr 0.0757 | train 255.8293/86.11% | val 255.4200/86.32% | test 255.4315/86.06% | 7.7s
Epoch  70/200 | lr 0.0750 | train 255.8001/86.50% | val 255.4915/85.26% | test 255.4999/84.68% | 7.7s
Epoch  71/200 | lr 0.0743 | train 255.8115/86.36% | val 255.2630/88.08% | test 255.2550/87.87% | 7.8s
Epoch  72/200 | lr 0.0736 | train 255.8081/86.43% | val 255.3038/87.74% | test 255.3082/87.53% | 7.7s
Epoch  73/200 | lr 0.0729 | train 255.7877/86.72% | val 255.2632/88.12% | test 255.2476/87.86% | 7.7s
Epoch  74/200 | lr 0.0722 | train 255.7949/86.64% | val 255.3337/87.36% | test 255.3274/87.27% | 7.7s
Epoch  75/200 | lr 0.0714 | train 255.7894/86.55% | val 255.5172/85.08% | test 255.5450/84.77% | 7.7s
Epoch  76/200 | lr 0.0707 | train 255.7905/86.64% | val 255.2691/88.46% | test 255.2788/87.52% | 7.8s
Epoch  77/200 | lr 0.0700 | train 255.7727/86.79% | val 255.1487/89.54% | test 255.1668/89.43% | 7.8s
Epoch  78/200 | lr 0.0692 | train 255.7710/87.04% | val 255.2659/88.22% | test 255.2944/87.43% | 7.7s
Epoch  79/200 | lr 0.0685 | train 255.7694/86.80% | val 255.3338/87.28% | test 255.3749/86.64% | 7.7s
Epoch  80/200 | lr 0.0677 | train 255.7616/87.04% | val 255.1299/89.58% | test 255.1456/89.65% | 7.8s
Epoch  81/200 | lr 0.0670 | train 255.7471/87.30% | val 255.2387/88.18% | test 255.2743/88.11% | 7.7s
Epoch  82/200 | lr 0.0662 | train 255.7534/87.24% | val 255.6991/83.70% | test 255.6806/83.08% | 7.7s
Epoch  83/200 | lr 0.0655 | train 255.7319/87.54% | val 255.3625/87.68% | test 255.3925/87.15% | 7.7s
Epoch  84/200 | lr 0.0647 | train 255.7215/87.76% | val 255.1910/89.82% | test 255.2437/88.21% | 7.8s
Epoch  85/200 | lr 0.0639 | train 255.7410/87.14% | val 255.8287/82.04% | test 255.8502/81.88% | 7.7s
Epoch  86/200 | lr 0.0631 | train 255.7192/87.58% | val 255.0702/90.30% | test 255.1107/89.89% | 7.9s
Epoch  87/200 | lr 0.0624 | train 255.7116/87.64% | val 255.3522/87.40% | test 255.3739/86.81% | 7.7s
Epoch  88/200 | lr 0.0616 | train 255.7102/87.83% | val 255.3833/86.84% | test 255.3635/86.80% | 7.7s
Epoch  89/200 | lr 0.0608 | train 255.6996/87.82% | val 255.0517/91.24% | test 255.0903/90.23% | 7.8s
Epoch  90/200 | lr 0.0600 | train 255.6971/87.91% | val 255.2293/88.58% | test 255.2519/87.99% | 7.8s
Epoch  91/200 | lr 0.0592 | train 255.6854/88.17% | val 255.3074/87.14% | test 255.3041/87.47% | 7.7s
Epoch  92/200 | lr 0.0584 | train 255.6883/88.15% | val 255.1353/89.86% | test 255.1966/89.19% | 7.7s
Epoch  93/200 | lr 0.0576 | train 255.6700/88.38% | val 255.3104/87.98% | test 255.3429/87.54% | 7.7s
Epoch  94/200 | lr 0.0568 | train 255.6654/88.24% | val 255.1508/89.36% | test 255.2011/88.65% | 7.7s
Epoch  95/200 | lr 0.0560 | train 255.6768/88.20% | val 255.1315/89.94% | test 255.1641/89.39% | 7.7s
Epoch  96/200 | lr 0.0552 | train 255.6682/88.30% | val 255.1215/89.58% | test 255.1467/89.74% | 7.7s
Epoch  97/200 | lr 0.0544 | train 255.6554/88.65% | val 255.2443/88.96% | test 255.3047/88.19% | 7.7s
Epoch  98/200 | lr 0.0536 | train 255.6593/88.60% | val 255.2482/89.02% | test 255.2747/88.32% | 7.7s
Epoch  99/200 | lr 0.0528 | train 255.6541/88.60% | val 255.2247/88.84% | test 255.2351/88.93% | 7.7s
Epoch 100/200 | lr 0.0520 | train 255.6296/88.96% | val 255.1690/89.48% | test 255.2145/88.58% | 7.7s
Epoch 101/200 | lr 0.0512 | train 255.6383/88.83% | val 255.1539/89.64% | test 255.1854/89.12% | 7.7s
Epoch 102/200 | lr 0.0504 | train 255.6244/88.92% | val 255.1119/89.92% | test 255.1688/89.02% | 7.7s
Epoch 103/200 | lr 0.0496 | train 255.6111/89.22% | val 255.2595/88.36% | test 255.2649/87.62% | 7.7s
Epoch 104/200 | lr 0.0488 | train 255.6032/89.35% | val 255.1002/89.90% | test 255.1276/90.08% | 7.7s
Epoch 105/200 | lr 0.0480 | train 255.6027/89.10% | val 255.1384/89.34% | test 255.1495/89.39% | 7.7s
Epoch 106/200 | lr 0.0472 | train 255.5885/89.50% | val 254.9835/91.72% | test 255.0057/91.44% | 7.8s
Epoch 107/200 | lr 0.0464 | train 255.5963/89.38% | val 255.0963/90.56% | test 255.1598/89.69% | 7.7s
Epoch 108/200 | lr 0.0456 | train 255.5844/89.86% | val 255.0596/91.02% | test 255.1203/89.95% | 7.7s
Epoch 109/200 | lr 0.0448 | train 255.5699/89.65% | val 255.0177/91.36% | test 255.0584/90.60% | 7.7s
Epoch 110/200 | lr 0.0440 | train 255.5626/89.94% | val 255.1153/90.02% | test 255.1332/89.60% | 7.7s
Epoch 111/200 | lr 0.0432 | train 255.5641/89.77% | val 255.2955/88.70% | test 255.3429/87.69% | 7.7s
Epoch 112/200 | lr 0.0424 | train 255.5351/90.12% | val 255.0836/90.60% | test 255.1115/89.94% | 7.7s
Epoch 113/200 | lr 0.0416 | train 255.5468/90.09% | val 255.1552/89.44% | test 255.1952/89.11% | 7.7s
Epoch 114/200 | lr 0.0408 | train 255.5323/90.44% | val 254.9893/91.60% | test 255.0152/91.43% | 7.7s
Epoch 115/200 | lr 0.0400 | train 255.5310/90.47% | val 255.1307/89.46% | test 255.1645/89.15% | 7.7s
Epoch 116/200 | lr 0.0392 | train 255.5169/90.61% | val 255.0181/91.30% | test 255.0590/90.39% | 7.7s
Epoch 117/200 | lr 0.0384 | train 255.5043/90.85% | val 255.0408/91.02% | test 255.0835/90.36% | 7.7s
Epoch 118/200 | lr 0.0376 | train 255.5084/90.55% | val 255.0192/91.24% | test 255.0576/90.74% | 7.7s
Epoch 119/200 | lr 0.0369 | train 255.4933/90.85% | val 254.9826/91.76% | test 255.0224/90.89% | 7.8s
Epoch 120/200 | lr 0.0361 | train 255.4909/90.94% | val 254.9206/92.74% | test 254.9570/91.97% | 7.8s
Epoch 121/200 | lr 0.0353 | train 255.4802/91.04% | val 255.0163/91.10% | test 255.0377/90.88% | 7.7s
Epoch 122/200 | lr 0.0345 | train 255.4925/91.04% | val 254.9873/91.34% | test 255.0538/90.98% | 7.7s
Epoch 123/200 | lr 0.0338 | train 255.4830/90.91% | val 255.0291/90.88% | test 255.0690/90.67% | 7.7s
Epoch 124/200 | lr 0.0330 | train 255.4745/91.15% | val 254.9298/92.16% | test 254.9770/91.63% | 7.7s
Epoch 125/200 | lr 0.0323 | train 255.4503/91.57% | val 255.0504/91.18% | test 255.0834/90.27% | 7.7s
Epoch 126/200 | lr 0.0315 | train 255.4305/91.74% | val 254.9110/92.56% | test 254.9693/91.73% | 7.7s
Epoch 127/200 | lr 0.0308 | train 255.4472/91.72% | val 254.9787/91.64% | test 255.0167/91.18% | 7.7s
Epoch 128/200 | lr 0.0300 | train 255.4351/91.93% | val 254.9019/92.34% | test 254.9346/91.95% | 7.7s
Epoch 129/200 | lr 0.0293 | train 255.4284/91.98% | val 255.0671/91.14% | test 255.0865/90.75% | 7.7s
Epoch 130/200 | lr 0.0286 | train 255.4081/92.33% | val 254.8833/92.88% | test 254.9131/92.38% | 7.7s
Epoch 131/200 | lr 0.0278 | train 255.4058/92.23% | val 254.8599/93.32% | test 254.8888/92.84% | 7.8s
Epoch 132/200 | lr 0.0271 | train 255.3972/92.43% | val 254.8746/92.96% | test 254.9336/92.16% | 7.7s
Epoch 133/200 | lr 0.0264 | train 255.3884/92.39% | val 254.8951/93.06% | test 254.9371/92.17% | 7.7s
Epoch 134/200 | lr 0.0257 | train 255.3858/92.64% | val 254.8907/93.22% | test 254.9538/92.01% | 7.7s
Epoch 135/200 | lr 0.0250 | train 255.3669/92.69% | val 254.9163/92.46% | test 254.9815/91.55% | 7.7s
Epoch 136/200 | lr 0.0243 | train 255.3587/92.87% | val 254.8752/92.76% | test 254.9099/92.44% | 7.7s
Epoch 137/200 | lr 0.0236 | train 255.3551/93.02% | val 254.9236/92.38% | test 254.9392/91.69% | 7.7s
Epoch 138/200 | lr 0.0229 | train 255.3566/92.84% | val 254.8634/93.18% | test 254.9063/92.65% | 7.7s
Epoch 139/200 | lr 0.0223 | train 255.3438/93.37% | val 254.8166/93.74% | test 254.8540/93.15% | 7.8s
Epoch 140/200 | lr 0.0216 | train 255.3244/93.40% | val 254.8043/93.94% | test 254.8301/93.43% | 7.8s
Epoch 141/200 | lr 0.0209 | train 255.3300/93.24% | val 254.8441/93.24% | test 254.8787/92.87% | 7.7s
Epoch 142/200 | lr 0.0203 | train 255.3188/93.58% | val 254.8486/93.52% | test 254.8866/92.90% | 7.7s
Epoch 143/200 | lr 0.0196 | train 255.2907/94.02% | val 254.8613/92.76% | test 254.8864/92.45% | 7.7s
Epoch 144/200 | lr 0.0190 | train 255.2910/94.09% | val 254.8440/93.24% | test 254.9022/92.84% | 7.7s
Epoch 145/200 | lr 0.0184 | train 255.2870/93.95% | val 254.9489/92.28% | test 254.9697/91.59% | 7.7s
Epoch 146/200 | lr 0.0178 | train 255.2609/94.43% | val 254.7849/93.54% | test 254.8030/93.80% | 7.7s
Epoch 147/200 | lr 0.0171 | train 255.2564/94.48% | val 254.7957/93.74% | test 254.8233/93.41% | 7.7s
Epoch 148/200 | lr 0.0165 | train 255.2501/94.57% | val 254.7841/93.88% | test 254.8145/93.60% | 7.7s
Epoch 149/200 | lr 0.0159 | train 255.2451/94.66% | val 254.7428/94.64% | test 254.7802/94.14% | 7.8s
Epoch 150/200 | lr 0.0154 | train 255.2363/94.96% | val 254.8477/93.10% | test 254.8581/93.12% | 7.7s
Epoch 151/200 | lr 0.0148 | train 255.2186/95.14% | val 254.7793/93.92% | test 254.8180/93.41% | 7.7s
Epoch 152/200 | lr 0.0142 | train 255.2192/95.25% | val 254.7470/94.64% | test 254.7688/94.09% | 7.7s
Epoch 153/200 | lr 0.0137 | train 255.2083/95.38% | val 254.7301/94.78% | test 254.7714/94.19% | 7.8s
Epoch 154/200 | lr 0.0131 | train 255.2090/95.25% | val 254.7050/94.94% | test 254.7416/94.30% | 7.8s
Epoch 155/200 | lr 0.0126 | train 255.1986/95.63% | val 254.7301/94.70% | test 254.7436/94.59% | 7.7s
Epoch 156/200 | lr 0.0120 | train 255.1834/95.96% | val 254.7182/94.82% | test 254.7386/94.83% | 7.7s
Epoch 157/200 | lr 0.0115 | train 255.1633/96.08% | val 254.7284/94.62% | test 254.7541/94.36% | 7.7s
Epoch 158/200 | lr 0.0110 | train 255.1667/95.99% | val 254.7337/94.56% | test 254.7571/94.17% | 7.7s
Epoch 159/200 | lr 0.0105 | train 255.1514/96.43% | val 254.6797/95.16% | test 254.7094/95.07% | 7.8s
Epoch 160/200 | lr 0.0100 | train 255.1492/96.54% | val 254.7064/94.78% | test 254.7258/94.78% | 7.7s
Epoch 161/200 | lr 0.0095 | train 255.1406/96.61% | val 254.7307/94.42% | test 254.7634/94.38% | 7.7s
Epoch 162/200 | lr 0.0091 | train 255.1197/96.66% | val 254.6969/94.82% | test 254.7189/94.72% | 7.7s
Epoch 163/200 | lr 0.0086 | train 255.1313/96.53% | val 254.6896/95.28% | test 254.7144/94.97% | 7.8s
Epoch 164/200 | lr 0.0082 | train 255.1149/96.96% | val 254.6807/94.96% | test 254.6965/95.02% | 7.7s
Epoch 165/200 | lr 0.0077 | train 255.1003/97.16% | val 254.6722/95.34% | test 254.7070/94.86% | 7.8s
Epoch 166/200 | lr 0.0073 | train 255.0919/97.18% | val 254.6601/95.58% | test 254.6695/95.46% | 8.0s
Epoch 167/200 | lr 0.0069 | train 255.0906/97.23% | val 254.6480/95.76% | test 254.6682/95.35% | 7.8s
Epoch 168/200 | lr 0.0065 | train 255.0767/97.53% | val 254.6418/95.76% | test 254.6669/95.21% | 7.7s
Epoch 169/200 | lr 0.0061 | train 255.0792/97.51% | val 254.6282/95.66% | test 254.6617/95.39% | 7.7s
Epoch 170/200 | lr 0.0057 | train 255.0653/97.84% | val 254.6389/95.36% | test 254.6567/95.51% | 7.7s
Epoch 171/200 | lr 0.0054 | train 255.0672/97.72% | val 254.6443/95.30% | test 254.6623/95.33% | 7.7s
Epoch 172/200 | lr 0.0050 | train 255.0627/97.75% | val 254.6369/95.52% | test 254.6579/95.46% | 7.7s
Epoch 173/200 | lr 0.0047 | train 255.0547/98.03% | val 254.6183/95.58% | test 254.6399/95.49% | 7.7s
Epoch 174/200 | lr 0.0043 | train 255.0495/98.08% | val 254.6074/95.80% | test 254.6309/95.76% | 7.8s
Epoch 175/200 | lr 0.0040 | train 255.0484/98.07% | val 254.6032/95.94% | test 254.6228/95.87% | 7.7s
Epoch 176/200 | lr 0.0037 | train 255.0415/98.16% | val 254.5902/96.00% | test 254.6194/95.98% | 7.8s
Epoch 177/200 | lr 0.0034 | train 255.0378/98.23% | val 254.5981/95.84% | test 254.6133/96.01% | 7.7s
Epoch 178/200 | lr 0.0031 | train 255.0324/98.36% | val 254.5960/96.00% | test 254.6159/95.90% | 7.7s
Epoch 179/200 | lr 0.0028 | train 255.0280/98.46% | val 254.5923/96.12% | test 254.6139/95.83% | 7.7s
Epoch 180/200 | lr 0.0026 | train 255.0257/98.45% | val 254.5926/95.90% | test 254.6143/95.83% | 7.7s
Epoch 181/200 | lr 0.0023 | train 255.0257/98.38% | val 254.5881/95.98% | test 254.6046/96.06% | 7.7s
Epoch 182/200 | lr 0.0021 | train 255.0156/98.49% | val 254.5816/96.02% | test 254.5996/95.98% | 7.7s
Epoch 183/200 | lr 0.0019 | train 255.0168/98.54% | val 254.5804/96.08% | test 254.5971/96.13% | 7.7s
Epoch 184/200 | lr 0.0017 | train 255.0170/98.50% | val 254.5812/95.94% | test 254.5997/96.03% | 7.7s
Epoch 185/200 | lr 0.0015 | train 255.0079/98.54% | val 254.5805/96.22% | test 254.5972/96.16% | 7.8s
Epoch 186/200 | lr 0.0013 | train 255.0095/98.61% | val 254.5706/96.38% | test 254.5942/96.02% | 7.8s
Epoch 187/200 | lr 0.0011 | train 255.0077/98.65% | val 254.5721/96.20% | test 254.5905/96.11% | 7.7s
Epoch 188/200 | lr 0.0009 | train 255.0077/98.67% | val 254.5701/96.02% | test 254.5902/96.24% | 7.7s
Epoch 189/200 | lr 0.0008 | train 255.0086/98.69% | val 254.5699/96.20% | test 254.5898/96.13% | 7.7s
Epoch 190/200 | lr 0.0006 | train 255.0010/98.65% | val 254.5691/96.08% | test 254.5877/96.23% | 7.7s
Epoch 191/200 | lr 0.0005 | train 255.0166/98.66% | val 254.5715/96.18% | test 254.5883/96.12% | 7.7s
Epoch 192/200 | lr 0.0004 | train 255.0020/98.82% | val 254.5705/96.12% | test 254.5916/96.02% | 7.7s
Epoch 193/200 | lr 0.0003 | train 254.9973/98.78% | val 254.5674/96.22% | test 254.5867/96.14% | 7.6s
Epoch 194/200 | lr 0.0002 | train 255.0098/98.72% | val 254.5670/96.22% | test 254.5869/96.25% | 7.7s
Epoch 195/200 | lr 0.0002 | train 254.9984/98.84% | val 254.5663/96.20% | test 254.5851/96.21% | 7.7s
Epoch 196/200 | lr 0.0001 | train 254.9939/98.84% | val 254.5646/96.34% | test 254.5844/96.19% | 7.7s
Epoch 197/200 | lr 0.0001 | train 254.9929/98.92% | val 254.5657/96.26% | test 254.5861/96.20% | 7.7s
Epoch 198/200 | lr 0.0000 | train 255.0008/98.81% | val 254.5629/96.24% | test 254.5834/96.15% | 7.7s
Epoch 199/200 | lr 0.0000 | train 254.9965/98.86% | val 254.5645/96.24% | test 254.5830/96.15% | 7.7s
Epoch 200/200 | lr 0.0000 | train 255.0016/98.74% | val 254.5649/96.22% | test 254.5842/96.15% | 7.7s

BASELINE4 Training Complete in 0.43 hours. Best Val Acc: 96.38% (Saved: baseline4_temp15_best.pth)
Saved training curves to 'baseline4_temp15_curves.png'.
Saved weight histograms to 'baseline4_temp15_histograms.png'.

Final Best Checkpoint Test Accuracy: 96.02% (Loss: 254.5942)

Per-layer weight shape, unique quantized weights, and ternary sparsity:
  layer1.0.conv1                 | shape: (64, 64, 3, 3)     | unique:  7 | zero= 73.9% +alpha= 11.3% -alpha= 14.8%
  layer1.0.conv2                 | shape: (64, 64, 3, 3)     | unique:  3 | zero= 53.6% +alpha= 21.4% -alpha= 25.0%
  layer1.1.conv1                 | shape: (64, 64, 3, 3)     | unique:  5 | zero= 54.9% +alpha= 19.9% -alpha= 25.2%
  layer1.1.conv2                 | shape: (64, 64, 3, 3)     | unique:  9 | zero= 55.6% +alpha= 18.3% -alpha= 26.1%
  layer2.0.conv1                 | shape: (128, 64, 3, 3)    | unique:  7 | zero= 48.9% +alpha= 22.4% -alpha= 28.7%
  layer2.0.conv2                 | shape: (128, 128, 3, 3)   | unique:  7 | zero= 48.4% +alpha= 21.7% -alpha= 29.9%
  layer2.0.shortcut.0            | shape: (128, 64, 1, 1)    | unique:  8 | zero= 53.8% +alpha= 19.7% -alpha= 26.4%
  layer2.1.conv1                 | shape: (128, 128, 3, 3)   | unique:  7 | zero= 50.2% +alpha= 21.9% -alpha= 28.0%
  layer2.1.conv2                 | shape: (128, 128, 3, 3)   | unique:  8 | zero= 51.7% +alpha= 19.7% -alpha= 28.6%
  layer3.0.conv1                 | shape: (256, 128, 3, 3)   | unique:  5 | zero= 47.7% +alpha= 22.3% -alpha= 30.0%
  layer3.0.conv2                 | shape: (256, 256, 3, 3)   | unique:  8 | zero= 47.5% +alpha= 23.5% -alpha= 28.9%
  layer3.0.shortcut.0            | shape: (256, 128, 1, 1)   | unique:  7 | zero= 50.4% +alpha= 20.0% -alpha= 29.6%
  layer3.1.conv1                 | shape: (256, 256, 3, 3)   | unique:  8 | zero= 48.2% +alpha= 21.9% -alpha= 29.9%
  layer3.1.conv2                 | shape: (256, 256, 3, 3)   | unique:  3 | zero= 52.9% +alpha= 18.1% -alpha= 29.0%
  layer4.0.conv1                 | shape: (512, 256, 3, 3)   | unique:  8 | zero= 47.7% +alpha= 23.1% -alpha= 29.2%
  layer4.0.conv2                 | shape: (512, 512, 3, 3)   | unique:  9 | zero= 50.3% +alpha= 21.6% -alpha= 28.1%
  layer4.0.shortcut.0            | shape: (512, 256, 1, 1)   | unique:  7 | zero= 51.1% +alpha= 20.8% -alpha= 28.1%
  layer4.1.conv1                 | shape: (512, 512, 3, 3)   | unique:  9 | zero= 52.2% +alpha= 17.7% -alpha= 30.1%
  layer4.1.conv2                 | shape: (512, 512, 3, 3)   | unique:  9 | zero= 56.1% +alpha= 15.1% -alpha= 28.8%

Running Quantization Behavioral Verification Check...
Mean |logit difference| between quantized and raw-latent forward: 364.8095
Prediction agreement between the two passes: 10.55%
Quantization is genuinely constraining the model computation.

===========================================================================
MODEL SIZE & BIT-LEVEL COMPRESSION MATHEMATICS (baseline4_temp15)
===========================================================================
1. Parameter Count Breakdown:
   - Total Parameters:                       11,173,962
   - Ternary (2-bit packed) Parameters:      11,157,504 ( 99.85%)
   - FP32 Unquantized Parameters:                16,458 (  0.15%)
   - Layerwise Alpha Scaling Factors:                19 (FP32 scalars)

2. Exact Bitstream Storage Calculation:
   - Ternary Weight Bits : 11,157,504 params x  2 bits =   22,315,008 bits
   - FP32 Parameter Bits :     16,458 params x 32 bits =      526,656 bits
   - Alpha Scaling Bits  :         19 layers x 32 bits =          608 bits
   -------------------------------------------------------------------
   - Total Compressed Bits:                          =   22,842,272 bits
   - Compressed Size: 22,842,272 / (8 x 1024^2)    =         2.72 MB

3. Baseline Comparison & Compression Summary:
   - Full FP32 Baseline Memory Footprint:                   42.63 MB
   - Theoretical 2-Bit Footprint (Deployment):               2.72 MB
   - Mathematical Compression Ratio:                        15.65x
   - Training Checkpoint on Disk (FP32 state_dict):         42.70 MB
===========================================================================


================================================================================
CONSOLIDATED EXPERIMENT RESULTS SUMMARY
================================================================================
Experiment Mode      | Best Val Acc (%)   | Test Acc (%)    | Test Loss    | Saved Checkpoint         
--------------------------------------------------------------------------------
BASELINE1            | 95.94              | 95.65           | 0.1565       | baseline1_best.pth       
BASELINE2            | 96.30              | 96.22           | 254.5983     | baseline2_temp15_best.pth
BASELINE3            | 82.32              | 82.19           | 255.7427     | baseline3_temp15_best.pth
BASELINE4            | 96.38              | 96.02           | 254.5942     | baseline4_temp15_best.pth
================================================================================
